"","Number","Distance","LAT","LON","speed","date","date_format","time","time_format","country","state","county","suburb","citytown","postcode","roadname","roadtype","oneway","maxspeed","speedin","lanes","bikespeed"
"1",1,201.78,48.6799,8.99285,0,270820,2020-08-27,45553,04:55:53,"Deutschland","Baden-Württemberg","Landkreis Böblingen","Böblingen","Böblingen","71034","Herrenberger Straße","primary","0","50","km/h","3",8.64694
"2",2,150.144,48.6815,9.00999,0,270820,2020-08-27,152950,15:29:50,"Deutschland","Baden-Württemberg","Landkreis Böblingen","Böblingen","Böblingen","71034","Maurener Weg","living_street","0","50","km/h",NA,28.5336
"3",3,222.193,48.6832,9.02909,0,270820,2020-08-27,153414,15:34:14,"Deutschland","Baden-Württemberg","Landkreis Böblingen","Böblingen","Böblingen","71032","Herdweg","tertiary","no","50","km/h",NA,26.915
"4",4,151.024,48.6884,9.04383,0,270820,2020-08-27,153913,15:39:13,"Deutschland","Baden-Württemberg","Landkreis Böblingen","Böblingen","Böblingen","71032","Panzerstraße","secondary","0","50","km/h","2",28.1354
"5",5,179.936,48.6884,9.04383,0,270820,2020-08-27,153913,15:39:13,"Deutschland","Baden-Württemberg","Landkreis Böblingen","Böblingen","Böblingen","71032","Panzerstraße","secondary","0","50","km/h","2",28.1354
"6",6,172.443,48.692,9.05034,0,270820,2020-08-27,154047,15:40:47,"Deutschland","Baden-Württemberg","Landkreis Böblingen","Böblingen","Böblingen","71032","Römerstraße",NA,"0","30","km/h",NA,34.5766
"7",7,133.026,48.716,9.09562,0,270820,2020-08-27,155117,15:51:17,"Deutschland","Baden-Württemberg","Stuttgart","Rohr","Stuttgart","70565","Festweg","track","0","30","km/h",NA,43.2476
"8",8,195.117,48.7116,9.1064,0,270820,2020-08-27,155339,15:53:39,"Deutschland","Baden-Württemberg","Stuttgart","Rohr","Stuttgart","70565","Schönbuchstraße","secondary","0","70","km/h","2",27.8058
"9",9,156.304,48.7038,9.1141,0,270820,2020-08-27,155546,15:55:46,"Deutschland","Baden-Württemberg","Landkreis Esslingen","Oberaichen","Oberaichen","70771","Vaihinger Straße","secondary","0","50","km/h","2",32.995
"10",10,177.26,48.7009,9.11663,0,270820,2020-08-27,155624,15:56:24,"Deutschland","Baden-Württemberg","Landkreis Esslingen","Musberg","Musberg","70771","L 1192","secondary","0","70","km/h","2",30.4911
"11",11,177.88,48.7001,9.11712,0,270820,2020-08-27,155634,15:56:34,"Deutschland","Baden-Württemberg","Landkreis Esslingen","Musberg","Musberg","70771","L 1192","secondary","0","70","km/h","2",32.5672
"12",12,208.085,48.7001,9.11712,0,270820,2020-08-27,155634,15:56:34,"Deutschland","Baden-Württemberg","Landkreis Esslingen","Musberg","Musberg","70771","L 1192","secondary","0","70","km/h","2",32.5672
"13",13,152.297,48.7061,9.12121,0,20920,2020-09-02,43101,04:31:01,"Deutschland","Baden-Württemberg","Landkreis Esslingen","Oberaichen","Oberaichen","70771","Rohrer Straße","tertiary","0","50","km/h",NA,13.3843
"14",14,150.046,48.6891,9.04308,0,20920,2020-09-02,45015,04:50:15,"Deutschland","Baden-Württemberg","Landkreis Böblingen","Böblingen","Böblingen","71032","Panzerstraße","secondary","0","50","km/h","2",17.7495
"15",15,117.524,48.6815,9.01451,0,20920,2020-09-02,45538,04:55:38,"Deutschland","Baden-Württemberg","Landkreis Böblingen","Böblingen","Böblingen","71032","Uferstraße","residential","0","50","km/h",NA,15.0233
"16",16,247.926,48.6729,8.97344,0,20920,2020-09-02,50356,05:03:56,"Deutschland","Baden-Württemberg","Landkreis Böblingen","Ehningen","Ehningen","71034","Herrenberger Straße","primary","no","100","km/h","2",24.0962
"17",17,179.42,48.6612,8.95362,0,20920,2020-09-02,135557,13:55:57,"Deutschland","Baden-Württemberg","Landkreis Böblingen","Ehningen","Ehningen","71139","K 1077","primary","no","70","km/h","3",25.4648
"18",18,211.988,48.6837,9.03548,0,20920,2020-09-02,141116,14:11:16,"Deutschland","Baden-Württemberg","Landkreis Böblingen","Böblingen","Böblingen","71032","Herdweg","tertiary","0","50","km/h",NA,10.849
"19",19,158.313,48.686,9.039,0,20920,2020-09-02,141302,14:13:02,"Deutschland","Baden-Württemberg","Landkreis Böblingen","Böblingen","Böblingen","71032","Herdweg","tertiary","0","50","km/h",NA,16.3568
"20",20,202.785,48.6867,9.04115,0,20920,2020-09-02,141336,14:13:36,"Deutschland","Baden-Württemberg","Landkreis Böblingen","Böblingen","Böblingen","71032","Herdweg","tertiary","0","50","km/h",NA,24.2499
"21",21,199.861,48.7451,9.13469,0,20920,2020-09-02,143501,14:35:01,"Deutschland","Baden-Württemberg","Stuttgart","Kaltental","Stuttgart","70569","Böblinger Straße","secondary","yes","50","km/h",NA,22.0516
"22",22,188.029,48.7475,9.1361,0,20920,2020-09-02,143536,14:35:36,"Deutschland","Baden-Württemberg","Stuttgart","Südheim","Stuttgart","70199","Böblinger Straße","secondary","yes","50","km/h","1",36.5879
"23",23,206.858,48.7501,9.13692,0,20920,2020-09-02,143605,14:36:05,"Deutschland","Baden-Württemberg","Stuttgart","Südheim","Stuttgart","70199","Böblinger Straße","secondary","yes","50","km/h","1",36.4249
"24",24,164.803,48.7668,9.16852,0,20920,2020-09-02,145854,14:58:54,"Deutschland","Baden-Württemberg","Stuttgart","Stuttgart-Süd","Stuttgart","70178","Hohenstaufenstraße","tertiary","0","50","km/h","1",11.2916
"25",25,216.784,48.7768,9.17343,0,20920,2020-09-02,150323,15:03:23,"Deutschland","Baden-Württemberg","Stuttgart","Stuttgart-Mitte","Stuttgart","70174","Theodor-Heuss-Straße","primary","yes","40","km/h","1",21.9479
"26",26,203.827,48.7772,9.17385,0,20920,2020-09-02,150348,15:03:48,"Deutschland","Baden-Württemberg","Stuttgart","Stuttgart-Mitte","Stuttgart","70174","Theodor-Heuss-Straße","primary","yes","40","km/h","1",0.750056
"27",27,181.484,48.7778,9.17438,0,20920,2020-09-02,150405,15:04:05,"Deutschland","Baden-Württemberg","Stuttgart","Stuttgart-Mitte","Stuttgart","70174","Theodor-Heuss-Straße","primary","yes","40","km/h","1",18.9255
"28",28,176.507,48.779,9.1758,0,20920,2020-09-02,150434,15:04:34,"Deutschland","Baden-Württemberg","Stuttgart","Stuttgart-Mitte","Stuttgart","70174","Theodor-Heuss-Straße","primary","yes","40","km/h","3",16.6827
"29",29,119.63,48.784,9.16918,0,20920,2020-09-02,151255,15:12:55,"Deutschland","Baden-Württemberg","Stuttgart","Relenberg","Stuttgart","70174","Herdweg","tertiary","0","40","km/h","3",7.73761
"30",30,123.98,48.7845,9.16867,0,20920,2020-09-02,151316,15:13:16,"Deutschland","Baden-Württemberg","Stuttgart","Relenberg","Stuttgart","70174","Herdweg","tertiary","0","40","km/h","2",10.2322
"31",31,114.404,48.7854,9.16716,0,20920,2020-09-02,151405,15:14:05,"Deutschland","Baden-Württemberg","Stuttgart","Relenberg","Stuttgart","70174","Wiederholdstraße","residential","yes","30","km/h","1",11.8287
"32",32,132.231,48.7859,9.16568,0,20920,2020-09-02,151501,15:15:01,"Deutschland","Baden-Württemberg","Stuttgart","Relenberg","Stuttgart","70174","Azenbergstraße","residential","0","30","km/h","1",4.74109
"33",33,166.082,48.7844,9.16131,0,20920,2020-09-02,151803,15:18:03,"Deutschland","Baden-Württemberg","Stuttgart","Relenberg","Stuttgart","70174","Hegelstraße","tertiary","yes","40","km/h","1",1.45752
"34",34,173.633,48.7824,9.16466,0,20920,2020-09-02,151859,15:18:59,"Deutschland","Baden-Württemberg","Stuttgart","Rosenberg","Stuttgart","70174","Seidenstraße","tertiary","yes","40","km/h","1",22.8313
"35",35,145.68,48.7784,9.1675,0,20920,2020-09-02,152106,15:21:06,"Deutschland","Baden-Württemberg","Stuttgart","Rosenberg","Stuttgart","70174","Seidenstraße","tertiary","yes","40","km/h","2",5.52078
"36",36,121.459,48.7776,9.16669,0,20920,2020-09-02,152136,15:21:36,"Deutschland","Baden-Württemberg","Stuttgart","Rosenberg","Stuttgart","70176","Schloßstraße","tertiary","yes","40","km/h","2",12.5787
"37",37,132.461,48.7722,9.16372,0,20920,2020-09-02,152737,15:27:37,"Deutschland","Baden-Württemberg","Stuttgart","Stuttgart-West","Stuttgart","70178","Rotebühlstraße","secondary","0","40","km/h","3",7.07089
"38",38,150.065,48.7724,9.16414,0,20920,2020-09-02,152747,15:27:47,"Deutschland","Baden-Württemberg","Stuttgart","Stuttgart-West","Stuttgart","70176","Feuerseeplatz","residential","0","30","km/h","1",11.1453
"39",39,116.399,48.7724,9.16436,0,20920,2020-09-02,152751,15:27:51,"Deutschland","Baden-Württemberg","Stuttgart","Stuttgart-West","Stuttgart","70178","Rotebühlstraße","secondary","0","40","km/h","3",13.7325
"40",40,171.774,48.7747,9.17167,0,20920,2020-09-02,153057,15:30:57,"Deutschland","Baden-Württemberg","Stuttgart","Stuttgart-Mitte","Stuttgart","70178","Rotebühlstraße","primary","yes","40","km/h","5",6.57456
"41",41,149.088,48.7749,9.17175,0,20920,2020-09-02,153103,15:31:03,"Deutschland","Baden-Württemberg","Stuttgart","Stuttgart-Mitte","Stuttgart","70173","Rotebühlplatz","residential","0","40","km/h","5",13.3917
"42",42,184.383,48.7769,9.17385,0,20920,2020-09-02,153205,15:32:05,"Deutschland","Baden-Württemberg","Stuttgart","Stuttgart-Mitte","Stuttgart","70174","Theodor-Heuss-Straße","primary","yes","40","km/h","2",4.27439
"43",43,195.004,48.7771,9.17391,0,20920,2020-09-02,153211,15:32:11,"Deutschland","Baden-Württemberg","Stuttgart","Stuttgart-Mitte","Stuttgart","70174","Theodor-Heuss-Straße","primary","yes","40","km/h","2",5.96155
"44",44,134.279,48.7783,9.17537,0,20920,2020-09-02,153247,15:32:47,"Deutschland","Baden-Württemberg","Stuttgart","Stuttgart-Mitte","Stuttgart","70174","Theodor-Heuss-Straße","primary","yes","40","km/h","2",12.8935
"45",45,153.577,48.7783,9.17537,0,20920,2020-09-02,153247,15:32:47,"Deutschland","Baden-Württemberg","Stuttgart","Stuttgart-Mitte","Stuttgart","70174","Theodor-Heuss-Straße","primary","yes","40","km/h","2",12.8935
"46",46,126.572,48.7792,9.17607,0,20920,2020-09-02,153321,15:33:21,"Deutschland","Baden-Württemberg","Stuttgart","Stuttgart-Mitte","Stuttgart","70174","Theodor-Heuss-Straße","primary","yes","40","km/h","2",6.16157
"47",47,155.283,48.7794,9.17615,0,20920,2020-09-02,153326,15:33:26,"Deutschland","Baden-Württemberg","Stuttgart","Stuttgart-Mitte","Stuttgart","70174","Theodor-Heuss-Straße","primary","yes","40","km/h","3",12.0027
"48",48,236.094,48.7809,9.1769,0,20920,2020-09-02,153406,15:34:06,"Deutschland","Baden-Württemberg","Stuttgart","Stuttgart-Mitte","Stuttgart","70174","Friedrichstraße","primary","yes","40","km/h","3",12.2768
"49",49,94.8885,48.7813,9.17695,0,20920,2020-09-02,153414,15:34:14,"Deutschland","Baden-Württemberg","Stuttgart","Stuttgart-Mitte","Stuttgart","70174","Schellingstraße","residential","yes","30","km/h","1",13.4232
"50",50,126.763,48.7811,9.17089,0,20920,2020-09-02,153902,15:39:02,"Deutschland","Baden-Württemberg","Stuttgart","Stuttgart-Mitte","Stuttgart","70174","Max-Kade-Weg","pedestrian","0","30","km/h","1",9.85443
"51",51,167.606,48.7772,9.1642,0,20920,2020-09-02,154754,15:47:54,"Deutschland","Baden-Württemberg","Stuttgart","Rosenberg","Stuttgart","70176","Silberburgstraße","residential","0","30","km/h","3",3.70768
"52",52,127.616,48.7771,9.16414,0,20920,2020-09-02,154758,15:47:58,"Deutschland","Baden-Württemberg","Stuttgart","Rosenberg","Stuttgart","70176","Schloßstraße","tertiary","yes","40","km/h","1",5.23743
"53",53,109.304,48.777,9.1649,0,20920,2020-09-02,154825,15:48:25,"Deutschland","Baden-Württemberg","Stuttgart","Rosenberg","Stuttgart","70176","Schloßstraße","tertiary","yes","40","km/h","1",6.2838
"54",54,196.317,48.7717,9.16855,0,20920,2020-09-02,155120,15:51:20,"Deutschland","Baden-Württemberg","Stuttgart","Stuttgart-West","Stuttgart","70178","Silberburgstraße","tertiary","0","40","km/h","2",2.09275
"55",55,156.542,48.7718,9.16834,0,20920,2020-09-02,155129,15:51:29,"Deutschland","Baden-Württemberg","Stuttgart","Stuttgart-West","Stuttgart","70178","Silberburgstraße","tertiary","0","40","km/h","2",8.04689
"56",56,136.111,48.7719,9.168,0,20920,2020-09-02,155150,15:51:50,"Deutschland","Baden-Württemberg","Stuttgart","Stuttgart-West","Stuttgart","70178","Silberburgstraße","tertiary","0","40","km/h","2",3.56878
"57",57,97.725,48.7719,9.168,0,20920,2020-09-02,155150,15:51:50,"Deutschland","Baden-Württemberg","Stuttgart","Stuttgart-West","Stuttgart","70178","Silberburgstraße","tertiary","0","40","km/h","2",3.56878
"58",58,149.953,48.7723,9.16789,0,20920,2020-09-02,155202,15:52:02,"Deutschland","Baden-Württemberg","Stuttgart","Stuttgart-West","Stuttgart","70178","Silberburgstraße","tertiary","0","40","km/h","3",7.54315
"59",59,118.695,48.7727,9.16803,0,20920,2020-09-02,155221,15:52:21,"Deutschland","Baden-Württemberg","Stuttgart","Stuttgart-West","Stuttgart","70178","Silberburgstraße","tertiary","0","40","km/h","1",6.30417
"60",60,178.323,48.7705,9.16928,0,20920,2020-09-02,155509,15:55:09,"Deutschland","Baden-Württemberg","Stuttgart","Feuersee","Stuttgart","70178","Silberburgstraße","tertiary","0","40","km/h","4",3.6299
"61",61,209.141,48.7704,9.16932,0,20920,2020-09-02,155513,15:55:13,"Deutschland","Baden-Württemberg","Stuttgart","Feuersee","Stuttgart","70178","Silberburgstraße","tertiary","0","40","km/h","4",6.44677
"62",62,127.553,48.7702,9.16945,0,20920,2020-09-02,155520,15:55:20,"Deutschland","Baden-Württemberg","Stuttgart","Stuttgart-West","Stuttgart","70178","Marienstraße","residential","0","30","km/h","1",11.1971
"63",63,198.574,48.7699,9.16953,0,20920,2020-09-02,155529,15:55:29,"Deutschland","Baden-Württemberg","Stuttgart","Stuttgart-Süd","Stuttgart","70178","Silberburgstraße","residential","0","30","km/h","1",13.9603
"64",64,152.28,48.7699,9.16953,0,20920,2020-09-02,155529,15:55:29,"Deutschland","Baden-Württemberg","Stuttgart","Stuttgart-Süd","Stuttgart","70178","Silberburgstraße","residential","0","30","km/h","1",13.9603
"65",65,149.981,48.7693,9.16936,0,20920,2020-09-02,155541,15:55:41,"Deutschland","Baden-Württemberg","Stuttgart","Stuttgart-Süd","Stuttgart","70178","Mörikestraße","tertiary","0","50","km/h","2",15.8697
"66",66,181.372,48.7681,9.16888,0,20920,2020-09-02,155608,15:56:08,"Deutschland","Baden-Württemberg","Stuttgart","Stuttgart-Süd","Stuttgart","70178","Hohenstaufenstraße","tertiary","0","50","km/h","1",15.9938
"67",67,99.0629,48.7654,9.168,0,20920,2020-09-02,155702,15:57:02,"Deutschland","Baden-Württemberg","Stuttgart","Stuttgart-Süd","Stuttgart","70178","Hohenstaufenstraße","tertiary","0","50","km/h","2",15.9938
"68",68,131.694,48.7644,9.17306,0,20920,2020-09-02,160115,16:01:15,"Deutschland","Baden-Württemberg","Stuttgart","Lehen","Stuttgart","70180","Markusplatz","residential","0","30","km/h","1",9.75443
"69",69,156.118,48.7644,9.17417,0,20920,2020-09-02,160134,16:01:34,"Deutschland","Baden-Württemberg","Stuttgart","Lehen","Stuttgart","70180","Filderstraße","tertiary","0","40","km/h","1",14.1122
"70",70,209.83,48.7647,9.17575,0,20920,2020-09-02,160203,16:02:03,"Deutschland","Baden-Württemberg","Stuttgart","Lehen","Stuttgart","70180","Filderstraße","tertiary","0","40","km/h","3",12.8417
"71",71,152.757,48.7652,9.17698,0,20920,2020-09-02,160223,16:02:23,"Deutschland","Baden-Württemberg","Stuttgart","Lehen","Stuttgart","70180","Cottastraße","residential","0","30","km/h","1",16.0271
"72",72,221.254,48.7675,9.18169,0,20920,2020-09-02,160517,16:05:17,"Deutschland","Baden-Württemberg","Stuttgart","Bopser","Stuttgart","70180","Etzelstraße","residential","0","30","km/h","1",9.48033
"73",73,252.759,48.7366,9.169,0,180820,2020-08-18,60343,06:03:43,"Deutschland","Baden-Württemberg","Stuttgart","Degerloch","Stuttgart","70597","Epplestraße","tertiary","0","60","km/h","2",26.8501
"74",74,229.16,48.7374,9.1691,0,180820,2020-08-18,60356,06:03:56,"Deutschland","Baden-Württemberg","Stuttgart","Degerloch","Stuttgart","70597","Epplestraße","tertiary","0","60","km/h","2",28.3021
"75",75,230.261,48.7453,9.16918,0,180820,2020-08-18,60610,06:06:10,"Deutschland","Baden-Württemberg","Stuttgart","Degerloch","Stuttgart","70597","Epplestraße","tertiary","0","50","km/h","2",19.1607
"76",76,174.206,48.7604,9.16755,0,180820,2020-08-18,172924,17:29:24,"Deutschland","Baden-Württemberg","Stuttgart","Weinsteige","Stuttgart","70180","Pfaffenweg","residential","0","30","km/h","1",7.13757
"77",77,148.445,48.7573,9.17031,0,180820,2020-08-18,172958,17:29:58,"Deutschland","Baden-Württemberg","Stuttgart","Weinsteige","Stuttgart","70180","Alte Weinsteige","residential","no","30","km/h","1",12.3009
"78",78,236.043,48.728,9.16672,0,180820,2020-08-18,174116,17:41:16,"Deutschland","Baden-Württemberg","Stuttgart","Möhringen","Stuttgart","70567","Epplestraße","secondary","0","60","km/h","2",22.8239
"79",79,210.241,48.728,9.16672,0,180820,2020-08-18,174116,17:41:16,"Deutschland","Baden-Württemberg","Stuttgart","Möhringen","Stuttgart","70567","Epplestraße","secondary","0","60","km/h","2",22.8239
"80",80,166.169,48.7276,9.1667,0,180820,2020-08-18,174121,17:41:21,"Deutschland","Baden-Württemberg","Stuttgart","Möhringen","Stuttgart","70567","Epplestraße","secondary","0","60","km/h","2",22.6517
"81",81,146.011,48.6998,9.16629,0,180820,2020-08-18,175157,17:51:57,"Deutschland","Baden-Württemberg","Landkreis Esslingen","Echterdingen","Echterdingen","70771","B 27","trunk","yes","60","km/h","2",23.8444
"82",82,187.309,48.6957,9.1671,0,180820,2020-08-18,175329,17:53:29,"Deutschland","Baden-Württemberg","Landkreis Esslingen","Echterdingen","Echterdingen","70771","Hauptstraße","secondary","0","50","km/h","3",11.6749
"83",83,176.022,48.6957,9.1671,0,180820,2020-08-18,175329,17:53:29,"Deutschland","Baden-Württemberg","Landkreis Esslingen","Echterdingen","Echterdingen","70771","Hauptstraße","secondary","0","50","km/h","3",11.6749
"84",84,240.3,48.7035,9.15897,0,190820,2020-08-19,101527,10:15:27,"Deutschland","Baden-Württemberg","Landkreis Esslingen","Echterdingen","Echterdingen","70771","Friedrich-List-Straße","track","0","50","km/h","1",23.561
"85",85,179.724,48.704,9.15352,0,190820,2020-08-19,101639,10:16:39,"Deutschland","Baden-Württemberg","Stuttgart","Fasanenhof","Stuttgart","70565","A 8","motorway","yes","50","km/h","3",23.3832
"86",86,215.675,48.7139,9.14216,0,190820,2020-08-19,102223,10:22:23,"Deutschland","Baden-Württemberg","Stuttgart","Möhringen","Stuttgart","70567","Nord-Süd-Straße","secondary","0","60","km/h","2",26.1705
"87",87,174.022,48.7196,9.14418,0,190820,2020-08-19,102400,10:24:00,"Deutschland","Baden-Württemberg","Stuttgart","Möhringen","Stuttgart","70567","Hechinger Straße","secondary","0","50","km/h","3",19.5144
"88",88,191.82,48.7209,9.14484,0,190820,2020-08-19,102425,10:24:25,"Deutschland","Baden-Württemberg","Stuttgart","Möhringen","Stuttgart","70567","Dornröschenweg","residential","0","30","km/h","1",16.9957
"89",89,176.35,48.7209,9.14484,0,190820,2020-08-19,102425,10:24:25,"Deutschland","Baden-Württemberg","Stuttgart","Möhringen","Stuttgart","70567","Dornröschenweg","residential","0","30","km/h","1",16.9957
"90",90,186.798,48.7504,9.13704,0,190820,2020-08-19,103717,10:37:17,"Deutschland","Baden-Württemberg","Stuttgart","Südheim","Stuttgart","70199","Böblinger Straße","secondary","yes","50","km/h","1",30.28
"91",91,195.075,48.7001,9.15028,0,250820,2020-08-25,155154,15:51:54,"Deutschland","Baden-Württemberg","Landkreis Esslingen","Leinfelden","Leinfelden","70771","Osttangente","proposed","0","50","km/h","1",20.983
"92",92,205.173,48.7186,9.11791,0,250820,2020-08-25,160556,16:05:56,"Deutschland","Baden-Württemberg","Stuttgart","Dürrlewang","Stuttgart","70565","Galileistraße","residential","0","50","km/h","2",21.9979
"93",93,233.48,48.72,9.11851,0,250820,2020-08-25,160624,16:06:24,"Deutschland","Baden-Württemberg","Stuttgart","Dürrlewang","Stuttgart","70565","Galileistraße","tertiary","0","50","km/h","1",19.2255
"94",94,148.701,48.7335,9.12083,0,250820,2020-08-25,161512,16:15:12,"Deutschland","Baden-Württemberg","Stuttgart","Höhenrand","Stuttgart","70563","Gewann Halde","track","0","50","km/h","1",0.853767
"95",95,170.608,48.7543,9.14013,0,250820,2020-08-25,162251,16:22:51,"Deutschland","Baden-Württemberg","Stuttgart","Südheim","Stuttgart","70199","Burgstallstraße","secondary","0","40","km/h","2",17.2383
"96",96,218.722,48.7817,9.17098,0,250820,2020-08-25,164023,16:40:23,"Deutschland","Baden-Württemberg","Stuttgart","Stuttgart-Mitte","Stuttgart","70174","Burgstallstraße",NA,"0","40","km/h","1",11.7768
"97",97,194.225,48.7829,9.18113,0,260820,2020-08-26,170852,17:08:52,"Deutschland","Baden-Württemberg","Stuttgart","Stuttgart-Mitte","Stuttgart","70173","Arnulf-Klett-Platz","pedestrian","0","40","km/h","1",21.9294
"98",98,140.702,48.7825,9.18244,0,260820,2020-08-26,170911,17:09:11,"Deutschland","Baden-Württemberg","Stuttgart","Stuttgart-Mitte","Stuttgart","70173","Arnulf-Klett-Platz","primary","yes","40","km/h","3",17.5124
"99",99,172.7,48.7794,9.18559,0,260820,2020-08-26,171141,17:11:41,"Deutschland","Baden-Württemberg","Stuttgart","Stuttgart-Mitte","Stuttgart","70173","Konrad-Adenauer-Straße","primary","yes","40","km/h","3",20.8293
"100",100,215.169,48.7597,9.19451,0,260820,2020-08-26,172720,17:27:20,"Deutschland","Baden-Württemberg","Stuttgart","Bopser","Stuttgart","70184","Elsaweg","track","0","40","km/h","1",14.34
"101",101,119.557,48.7588,9.19145,0,260820,2020-08-26,172837,17:28:37,"Deutschland","Baden-Württemberg","Stuttgart","Bopser","Stuttgart","70184","Charlottenweg","track","0","40","km/h","1",14.514
"102",102,183.625,48.738,9.16884,0,260820,2020-08-26,174006,17:40:06,"Deutschland","Baden-Württemberg","Stuttgart","Degerloch","Stuttgart","70597","Chemnitzer Straße","residential","0","50","km/h","1",15.8123
"103",103,237.391,48.7227,9.16666,0,260820,2020-08-26,174434,17:44:34,"Deutschland","Baden-Württemberg","Stuttgart","Möhringen","Stuttgart","70567","Chemnitzer Straße",NA,"yes","50","km/h","4",6.15972
"104",104,155.875,48.7071,9.14192,0,260820,2020-08-26,175431,17:54:31,"Deutschland","Baden-Württemberg","Landkreis Esslingen","Unteraichen","Unteraichen","70771","Wilhelm-Frank-Platz",NA,"0","30","km/h","1",14.6918
"105",105,189.477,48.6924,9.14517,0,260820,2020-08-26,175905,17:59:05,"Deutschland","Baden-Württemberg","Landkreis Esslingen","Leinfelden","Leinfelden","70771","Echterdinger Straße","tertiary","0","40","km/h","1",21.1349
"106",106,162.624,48.691,9.14968,0,260820,2020-08-26,175950,17:59:50,"Deutschland","Baden-Württemberg","Landkreis Esslingen","Leinfelden","Leinfelden","70771","Echterdinger Straße","tertiary","0","50","km/h","1",27.7484
"107",107,175.847,48.6889,9.16472,0,270820,2020-08-27,93513,09:35:13,"Deutschland","Baden-Württemberg","Landkreis Esslingen","Echterdingen","Echterdingen","70771","Obergasse","living_street","0","50","km/h","1",11.9287
"108",108,222.821,48.6929,9.16038,0,270820,2020-08-27,94140,09:41:40,"Deutschland","Baden-Württemberg","Landkreis Esslingen","Echterdingen","Echterdingen","70771","Friedrich-List-Straße","secondary","0","50","km/h","2",26.965
"109",109,157.919,48.7011,9.1484,0,270820,2020-08-27,94441,09:44:41,"Deutschland","Baden-Württemberg","Landkreis Esslingen","Leinfelden","Leinfelden","70771","Maybachstraße","secondary","0","50","km/h","3",15.3197
"110",110,151.938,48.7248,9.14817,0,270820,2020-08-27,95219,09:52:19,"Deutschland","Baden-Württemberg","Stuttgart","Möhringen","Stuttgart","70567","Dinghofstraße","residential","0","30","km/h","1",23.3888
"111",111,186.989,48.7318,9.15079,0,270820,2020-08-27,95544,09:55:44,"Deutschland","Baden-Württemberg","Stuttgart","Möhringen","Stuttgart","70567","Rembrandtstraße","tertiary","yes","50","km/h","1",24.8574
"112",112,182.425,48.7383,9.15216,0,270820,2020-08-27,95724,09:57:24,"Deutschland","Baden-Württemberg","Stuttgart","Möhringen","Stuttgart","70567","Rembrandtstraße","tertiary","0","60","km/h","2",23.8999
"113",113,160.479,48.7434,9.15364,0,270820,2020-08-27,95851,09:58:51,"Deutschland","Baden-Württemberg","Stuttgart","Möhringen","Stuttgart","70597","Laustraße","tertiary","0","50","km/h","1",24.6074
"114",114,131.436,48.7477,9.1569,0,270820,2020-08-27,100123,10:01:23,"Deutschland","Baden-Württemberg","Stuttgart","Möhringen","Stuttgart","70597","Laustraße","secondary","yes","50","km/h","1",24.2499
"115",115,137.959,48.7495,9.1547,0,270820,2020-08-27,100201,10:02:01,"Deutschland","Baden-Württemberg","Stuttgart","Degerloch","Stuttgart","70597","Heinestraße","secondary","0","50","km/h","2",42.5198
"116",116,171.498,48.7495,9.15256,0,270820,2020-08-27,100214,10:02:14,"Deutschland","Baden-Württemberg","Stuttgart","Degerloch","Stuttgart","70597","Heinestraße","secondary","0","50","km/h","2",44.294
"117",117,78.3145,48.7495,9.13648,0,310820,2020-08-31,175025,17:50:25,"Deutschland","Baden-Württemberg","Stuttgart","Südheim","Stuttgart","70199","Böblinger Straße","residential","0","30","km/h","1",21.5331
"118",118,186.021,48.7456,9.13482,0,310820,2020-08-31,175210,17:52:10,"Deutschland","Baden-Württemberg","Stuttgart","Kaltental","Stuttgart","70569","Böblinger Straße","secondary","yes","50","km/h","2",23.111
"119",119,173.306,48.7452,9.13452,0,310820,2020-08-31,175217,17:52:17,"Deutschland","Baden-Württemberg","Stuttgart","Kaltental","Stuttgart","70569","Böblinger Straße","secondary","yes","50","km/h","1",20.7015
"120",120,135.921,48.7441,9.13373,0,310820,2020-08-31,175248,17:52:48,"Deutschland","Baden-Württemberg","Stuttgart","Kaltental","Stuttgart","70569","Böblinger Straße","secondary","yes","50","km/h","1",15.3141
"121",121,156.47,48.7441,9.13373,0,310820,2020-08-31,175248,17:52:48,"Deutschland","Baden-Württemberg","Stuttgart","Kaltental","Stuttgart","70569","Böblinger Straße","secondary","yes","50","km/h","1",15.3141
"122",122,124.224,48.7441,9.13373,0,310820,2020-08-31,175248,17:52:48,"Deutschland","Baden-Württemberg","Stuttgart","Kaltental","Stuttgart","70569","Böblinger Straße","secondary","yes","50","km/h","1",15.3141
"123",123,157.176,48.7441,9.13373,0,310820,2020-08-31,175248,17:52:48,"Deutschland","Baden-Württemberg","Stuttgart","Kaltental","Stuttgart","70569","Böblinger Straße","secondary","yes","50","km/h","1",15.3141
"124",124,218.804,48.7044,9.14345,0,310820,2020-08-31,181409,18:14:09,"Deutschland","Baden-Württemberg","Landkreis Esslingen","Unteraichen","Unteraichen","70771","Max-Lang-Straße","residential","0","30","km/h","1",19.8755
"125",125,165.666,48.7031,9.14326,0,310820,2020-08-31,181437,18:14:37,"Deutschland","Baden-Württemberg","Landkreis Esslingen","Leinfelden","Leinfelden","70771","Max-Lang-Straße","secondary","0","50","km/h","2",20.0367
"126",126,194.583,48.6564,9.05949,0,240820,2020-08-24,50528,05:05:28,"Deutschland","Baden-Württemberg","Landkreis Böblingen","Schönaich","Schönaich","71101","Wettgasse","secondary","0","50","km/h","1",12.6509
"127",127,228.659,48.6565,9.05895,0,240820,2020-08-24,50549,05:05:49,"Deutschland","Baden-Württemberg","Landkreis Böblingen","Schönaich","Schönaich","71101","Wettgasse","secondary","no","50","km/h","1",5.38188
"128",128,148.773,48.6558,9.05546,0,240820,2020-08-24,50625,05:06:25,"Deutschland","Baden-Württemberg","Landkreis Böblingen","Schönaich","Schönaich","71101","Holzgerlinger Straße","tertiary","0","50","km/h","2",30.4337
"129",129,111.49,48.6516,8.97217,0,240820,2020-08-24,52447,05:24:47,"Deutschland","Baden-Württemberg","Landkreis Böblingen","Ehningen","Ehningen","71139","Maurener Straße","tertiary","0","70","km/h","1",35.3841
"130",130,217.744,48.6585,8.95002,0,240820,2020-08-24,52944,05:29:44,"Deutschland","Baden-Württemberg","Landkreis Böblingen","Ehningen","Ehningen","71139","K 1077","primary","no","70","km/h","2",33.4969
"131",131,208.8,48.6582,8.9485,0,240820,2020-08-24,143411,14:34:11,"Deutschland","Baden-Württemberg","Landkreis Böblingen","Ehningen","Ehningen","71139","K 1077","primary","no","70","km/h","2",30.2856
"132",132,180.131,48.6614,8.9538,0,240820,2020-08-24,143517,14:35:17,"Deutschland","Baden-Württemberg","Landkreis Böblingen","Ehningen","Ehningen","71139","K 1077","primary","no","70","km/h","3",25.7593
"133",133,182.541,48.6834,9.03344,0,240820,2020-08-24,145211,14:52:11,"Deutschland","Baden-Württemberg","Landkreis Böblingen","Böblingen","Böblingen","71032","Herdweg","tertiary","0","50","km/h","1",15.7678
"134",134,224.801,48.6844,9.03687,0,240820,2020-08-24,145327,14:53:27,"Deutschland","Baden-Württemberg","Landkreis Böblingen","Böblingen","Böblingen","71032","Herdweg","tertiary","0","50","km/h","1",10.6137
"135",135,227.382,48.6844,9.03687,0,240820,2020-08-24,145327,14:53:27,"Deutschland","Baden-Württemberg","Landkreis Böblingen","Böblingen","Böblingen","71032","Herdweg","tertiary","0","50","km/h","1",10.6137
"136",136,137.55,48.7161,9.08683,0,240820,2020-08-24,150705,15:07:05,"Deutschland","Baden-Württemberg","Stuttgart","Rosental","Stuttgart","70565","A 8","motorway","yes","50","km/h","4",17.9606
"137",137,181.836,48.7011,9.11692,0,240820,2020-08-24,151350,15:13:50,"Deutschland","Baden-Württemberg","Landkreis Esslingen","Musberg","Musberg","70771","L 1192","secondary","0","70","km/h","2",28.2354
"138",138,140.636,48.6987,9.11779,0,240820,2020-08-24,151416,15:14:16,"Deutschland","Baden-Württemberg","Landkreis Esslingen","Musberg","Musberg","70771","L 1192","secondary","0","70","km/h","2",36.0212
"139",139,179.508,48.693,9.13261,0,240820,2020-08-24,160750,16:07:50,"Deutschland","Baden-Württemberg","Landkreis Esslingen","Leinfelden","Leinfelden","70771","Beethovenstraße","residential","0","30","km/h","1",24.6481
"140",140,165.742,48.6933,9.13542,0,240820,2020-08-24,160827,16:08:27,"Deutschland","Baden-Württemberg","Landkreis Esslingen","Leinfelden","Leinfelden","70771","Beethovenstraße","residential","0","30","km/h","1",5.49856
"141",141,236.835,48.671,8.96961,0,250820,2020-08-25,53118,05:31:18,"Deutschland","Baden-Württemberg","Landkreis Böblingen","Ehningen","Ehningen","71034","Althäuleweg","track","0","30","km/h","1",21.4053
"142",142,186.475,48.6636,8.95646,0,250820,2020-08-25,53359,05:33:59,"Deutschland","Baden-Württemberg","Landkreis Böblingen","Ehningen","Ehningen","71139","K 1077","primary","no","70","km/h","2",23.6055
"143",143,213.979,48.6612,8.95347,0,250820,2020-08-25,53452,05:34:52,"Deutschland","Baden-Württemberg","Landkreis Böblingen","Ehningen","Ehningen","71139","K 1077","primary","no","70","km/h","3",2.75761
"144",144,157.421,48.6556,8.94506,0,250820,2020-08-25,53647,05:36:47,"Deutschland","Baden-Württemberg","Landkreis Böblingen","Ehningen","Ehningen","71139","Maurener Tal","track","0","70","km/h","1",29.7985
"145",145,136.529,48.6554,8.96767,0,250820,2020-08-25,145639,14:56:39,"Deutschland","Baden-Württemberg","Landkreis Böblingen","Ehningen","Ehningen","71139","Maurener Straße","tertiary","0","70","km/h","1",26.6075
"146",146,179.256,48.6469,8.99515,0,250820,2020-08-25,150202,15:02:02,"Deutschland","Baden-Württemberg","Landkreis Böblingen","Holzgerlingen","Holzgerlingen","71088","Maurener Straße","tertiary","0","100","km/h","1",21.1349
"147",147,163.04,48.6464,9.00211,0,250820,2020-08-25,150404,15:04:04,"Deutschland","Baden-Württemberg","Landkreis Böblingen","Holzgerlingen","Holzgerlingen","71088","Maurener Straße","tertiary","0","100","km/h","1",18.7069
"148",148,142.704,48.6615,9.06845,0,250820,2020-08-25,151713,15:17:13,"Deutschland","Baden-Württemberg","Landkreis Böblingen","Schönaich","Schönaich","71101","Steinenbronner Straße","tertiary","0","50","km/h","2",33.1802
"149",149,167.248,48.6611,9.11591,0,250820,2020-08-25,152514,15:25:14,"Deutschland","Baden-Württemberg","Landkreis Böblingen","Steinenbronn","Steinenbronn","71144","Wiesenstraße","residential","0","30","km/h","1",12.1657
"150",150,198.799,48.6644,9.1238,0,250820,2020-08-25,152810,15:28:10,"Deutschland","Baden-Württemberg","Landkreis Böblingen","Steinenbronn","Steinenbronn","71144","Umgehungsstraße","secondary","0","50","km/h","2",30.1356
"151",151,133.956,48.6697,9.12686,0,250820,2020-08-25,152932,15:29:32,"Deutschland","Baden-Württemberg","Landkreis Böblingen","Steinenbronn","Steinenbronn","71144","Stuttgarter Straße","secondary","0","70","km/h","2",33.1432
"152",152,220.194,48.6725,9.12634,0,250820,2020-08-25,153002,15:30:02,"Deutschland","Baden-Württemberg","Landkreis Böblingen","Steinenbronn","Steinenbronn","71144","L 1208","secondary","0","70","km/h","2",38.2158
"153",153,195.706,48.6859,9.12942,0,250820,2020-08-25,153343,15:33:43,"Deutschland","Baden-Württemberg","Landkreis Esslingen","Leinfelden","Leinfelden","70771","K 1227","secondary","0","80","km/h","1",22.0961
"154",154,195.423,48.688,9.12989,0,250820,2020-08-25,153429,15:34:29,"Deutschland","Baden-Württemberg","Landkreis Esslingen","Leinfelden","Leinfelden","70771","K 1227","secondary","0","80","km/h","1",15.3437
"155",155,180.992,48.688,9.12989,0,250820,2020-08-25,153429,15:34:29,"Deutschland","Baden-Württemberg","Landkreis Esslingen","Leinfelden","Leinfelden","70771","K 1227","secondary","0","80","km/h","1",15.3437
"156",156,166.415,48.6906,9.13044,0,250820,2020-08-25,153521,15:35:21,"Deutschland","Baden-Württemberg","Landkreis Esslingen","Leinfelden","Leinfelden","70771","K 1227","secondary","0","80","km/h","1",18.5403
"157",157,151.72,48.6935,9.13397,0,250820,2020-08-25,153642,15:36:42,"Deutschland","Baden-Württemberg","Landkreis Esslingen","Leinfelden","Leinfelden","70771","Musberger Straße","secondary","0","50","km/h","1",15.6808
"158",158,122.574,48.6935,9.13487,0,250820,2020-08-25,153655,15:36:55,"Deutschland","Baden-Württemberg","Landkreis Esslingen","Leinfelden","Leinfelden","70771","Musberger Straße","secondary","0","50","km/h","1",16.516
"159",159,182.278,48.6936,9.13821,0,250820,2020-08-25,153742,15:37:42,"Deutschland","Baden-Württemberg","Landkreis Esslingen","Leinfelden","Leinfelden","70771","Musberger Straße","secondary","0","50","km/h","1",22.5887
"160",160,161.438,48.6903,9.15125,0,250820,2020-08-25,154025,15:40:25,"Deutschland","Baden-Württemberg","Landkreis Esslingen","Leinfelden","Leinfelden","70771","Echterdinger Straße","tertiary","0","50","km/h","1",27.215
"161",161,230.05,48.6872,9.16056,0,250820,2020-08-25,154206,15:42:06,"Deutschland","Baden-Württemberg","Landkreis Esslingen","Echterdingen","Echterdingen","70771","Lindenweg","residential","0","30","km/h","1",24.7852
"162",162,220.927,48.6849,9.16182,0,250820,2020-08-25,154253,15:42:53,"Deutschland","Baden-Württemberg","Landkreis Esslingen","Echterdingen","Echterdingen","70771","Hinterhofstraße","residential","0","30","km/h","1",16.7698
"163",163,225.914,48.7505,9.1711,0,160820,2020-08-16,82758,08:27:58,"Deutschland","Baden-Württemberg","Stuttgart","Degerloch","Stuttgart","70597","Obere Weinsteige","primary","0","40","km/h","4",51.2519
"164",164,228.329,48.7656,9.17053,0,160820,2020-08-16,83737,08:37:37,"Deutschland","Baden-Württemberg","Stuttgart","Stuttgart-Süd","Stuttgart","70178","Hauptstätter Straße","primary","0","40","km/h","4",26.6038
"165",165,213.019,48.7828,9.17376,0,160820,2020-08-16,90942,09:09:42,"Deutschland","Baden-Württemberg","Stuttgart","Stuttgart-Mitte","Stuttgart","70174","Kriegsbergstraße","secondary","yes","40","km/h","3",17.9587
"166",166,163.441,48.7825,9.16683,0,160820,2020-08-16,91451,09:14:51,"Deutschland","Baden-Württemberg","Stuttgart","Stuttgart-Mitte","Stuttgart","70174","Hoppenlaustraße","residential","yes","30","km/h","1",4.46885
"167",167,105.671,48.7738,9.17017,0,160820,2020-08-16,92731,09:27:31,"Deutschland","Baden-Württemberg","Stuttgart","Stuttgart-Mitte","Stuttgart","70178","Rotebühlstraße","secondary","yes","40","km/h","2",0.0444477
"168",168,163.037,48.7721,9.15967,0,160820,2020-08-16,93147,09:31:47,"Deutschland","Baden-Württemberg","Stuttgart","Rotebühl","Stuttgart","70176","Gutenbergstraße","residential","0","30","km/h","1",7.9617
"169",169,109.033,48.7781,9.17522,0,160820,2020-08-16,94335,09:43:35,"Deutschland","Baden-Württemberg","Stuttgart","Stuttgart-Mitte","Stuttgart","70174","Theodor-Heuss-Straße","primary","yes","40","km/h","2",7.32462
"170",170,133.295,48.7819,9.1792,0,160820,2020-08-16,94620,09:46:20,"Deutschland","Baden-Württemberg","Stuttgart","Stuttgart-Mitte","Stuttgart","70173","Lautenschlagerstraße","residential","no","20","km/h","1",7.41351
"171",171,230.228,48.7809,9.17779,0,160820,2020-08-16,94723,09:47:23,"Deutschland","Baden-Württemberg","Stuttgart","Stuttgart-Mitte","Stuttgart","70173","Lautenschlagerstraße","residential","yes","20","km/h","1",11.0842
"172",172,120.655,48.7746,9.18032,0,160820,2020-08-16,95231,09:52:31,"Deutschland","Baden-Württemberg","Stuttgart","Stuttgart-Mitte","Stuttgart","70173","Marktstraße","residential","0","30","km/h","1",3.13357
"173",173,170.893,48.7712,9.17362,0,160820,2020-08-16,95545,09:55:45,"Deutschland","Baden-Württemberg","Stuttgart","Stuttgart-Mitte","Stuttgart","70178","Tübinger Straße","residential","0","20","km/h","1",10.3193
"174",174,122.315,48.7713,9.17343,0,160820,2020-08-16,95548,09:55:48,"Deutschland","Baden-Württemberg","Stuttgart","Stuttgart-Mitte","Stuttgart","70178","Tübinger Straße","residential","0","20","km/h","1",8.43396
"175",175,147.818,48.771,9.17289,0,160820,2020-08-16,95607,09:56:07,"Deutschland","Baden-Württemberg","Stuttgart","Stuttgart-Süd","Stuttgart","70178","Paulinenbrücke","primary","yes","40","km/h","3",8.20246
"176",176,170.734,48.7635,9.1633,0,160820,2020-08-16,100107,10:01:07,"Deutschland","Baden-Württemberg","Stuttgart","Stuttgart-Süd","Stuttgart","70178","Böblinger Straße","residential","yes","50","km/h","1",7.33943
"177",177,174.457,48.7734,9.17475,0,160820,2020-08-16,101251,10:12:51,"Deutschland","Baden-Württemberg","Stuttgart","Stuttgart-Mitte","Stuttgart","70173","Königstraße","pedestrian","0","50","km/h","1",5.85414
"178",178,170.61,48.7823,9.1695,0,160820,2020-08-16,101925,10:19:25,"Deutschland","Baden-Württemberg","Stuttgart","Stuttgart-Mitte","Stuttgart","70174","Hegelstraße","tertiary","0","40","km/h","4",6.05786
"179",179,155.718,48.7681,9.17233,0,160820,2020-08-16,110719,11:07:19,"Deutschland","Baden-Württemberg","Stuttgart","Stuttgart-Süd","Stuttgart","70178","Hauptstätter Straße","primary","0","40","km/h","5",20.0311
"180",180,142.524,48.7457,9.13593,0,160820,2020-08-16,111929,11:19:29,"Deutschland","Baden-Württemberg","Stuttgart","Möhringen","Stuttgart","70597","Fuchsweg","track","0","40","km/h","1",32.7339
"181",181,137.428,48.7449,9.136,0,160820,2020-08-16,111951,11:19:51,"Deutschland","Baden-Württemberg","Stuttgart","Möhringen","Stuttgart","70597","Fuchsweg","track","0","40","km/h","1",25.6575
"182",182,140.505,48.7349,9.128,0,160820,2020-08-16,112410,11:24:10,"Deutschland","Baden-Württemberg","Stuttgart","Kaltental","Stuttgart","70563","Halde","track","0","40","km/h","1",36.0805
"183",183,136.262,48.737,9.12778,0,160820,2020-08-16,112454,11:24:54,"Deutschland","Baden-Württemberg","Stuttgart","Kaltental","Stuttgart","70569","Böblinger Straße","secondary","yes","50","km/h","1",17.2791
"184",184,134.509,48.7333,9.13076,0,160820,2020-08-16,112954,11:29:54,"Deutschland","Baden-Württemberg","Stuttgart","Höhenrand","Stuttgart","70563","Nord-Süd-Straße","secondary","no","50","km/h","2",25.1796
"185",185,135.784,48.7244,9.13596,0,160820,2020-08-16,113336,11:33:36,"Deutschland","Baden-Württemberg","Stuttgart","Möhringen","Stuttgart","70567","Rudolf-Weisser-Weg","residential","0","30","km/h","1",18.7143
"186",186,141.856,48.7015,9.14901,0,160820,2020-08-16,114233,11:42:33,"Deutschland","Baden-Württemberg","Landkreis Esslingen","Leinfelden","Leinfelden","70771","Maybachstraße","secondary","0","50","km/h","3",16.3734
"187",187,223.15,48.6907,9.16267,0,160820,2020-08-16,114824,11:48:24,"Deutschland","Baden-Württemberg","Landkreis Esslingen","Echterdingen","Echterdingen","70771","Michael-Ott-Straße","residential","0","30","km/h","1",14.6881
"188",188,128.932,48.6889,9.16471,0,160820,2020-08-16,115144,11:51:44,"Deutschland","Baden-Württemberg","Landkreis Esslingen","Echterdingen","Echterdingen","70771","Obergasse","living_street","0","30","km/h","1",12.1731
"189",189,216.79,48.6821,9.15468,0,120820,2020-08-12,44738,04:47:38,"Deutschland","Baden-Württemberg","Landkreis Esslingen","Echterdingen","Echterdingen","70771","Waldenbucher Straße","residential","0","30","km/h","1",28.8503
"190",190,222.297,48.6772,9.1244,0,120820,2020-08-12,45403,04:54:03,"Deutschland","Baden-Württemberg","Landkreis Böblingen","Steinenbronn","Steinenbronn","71144","L 1208","secondary","0","50","km/h","2",23.7425
"191",191,150.665,48.6763,9.12461,0,120820,2020-08-12,45507,04:55:07,"Deutschland","Baden-Württemberg","Landkreis Böblingen","Steinenbronn","Steinenbronn","71144","L 1208","secondary","0","50","km/h","2",13.8881
"192",192,174.037,48.6644,9.09424,0,120820,2020-08-12,50518,05:05:18,"Deutschland","Baden-Württemberg","Landkreis Böblingen","Steinenbronn","Steinenbronn","71144","K 1051","secondary","0","100","km/h","2",16.7698
"193",193,239.65,48.6644,9.08161,0,120820,2020-08-12,50800,05:08:00,"Deutschland","Baden-Württemberg","Landkreis Böblingen","Schönaich","Schönaich","71101","K 1051","secondary","0","100","km/h","2",31.0671
"194",194,185.462,48.6638,9.07993,0,120820,2020-08-12,50816,05:08:16,"Deutschland","Baden-Württemberg","Landkreis Böblingen","Schönaich","Schönaich","71101","K 1051","secondary","0","100","km/h","2",33.3358
"195",195,207.773,48.6622,8.95482,0,120820,2020-08-12,140236,14:02:36,"Deutschland","Baden-Württemberg","Landkreis Böblingen","Ehningen","Ehningen","71139","K 1077","primary","no","70","km/h","2",36.8231
"196",196,166.913,48.6622,8.95482,0,120820,2020-08-12,140236,14:02:36,"Deutschland","Baden-Württemberg","Landkreis Böblingen","Ehningen","Ehningen","71139","K 1077","primary","no","70","km/h","2",36.8231
"197",197,221.056,48.6779,8.98722,0,120820,2020-08-12,140845,14:08:45,"Deutschland","Baden-Württemberg","Landkreis Böblingen","Böblingen","Böblingen","71034","Herrenberger Straße","primary","0","70","km/h","2",36.1879
"198",198,174.447,48.6809,9.0113,0,120820,2020-08-12,141301,14:13:01,"Deutschland","Baden-Württemberg","Landkreis Böblingen","Böblingen","Böblingen","71032","Mönchweg","residential","0","50","km/h","1",22.1461
"199",199,141.827,48.6831,9.02183,0,120820,2020-08-12,141512,14:15:12,"Deutschland","Baden-Württemberg","Landkreis Böblingen","Böblingen","Böblingen","71032","Herdweg","tertiary","no","30","km/h","1",21.8331
"200",200,178.791,48.6836,9.03419,0,120820,2020-08-12,141731,14:17:31,"Deutschland","Baden-Württemberg","Landkreis Böblingen","Böblingen","Böblingen","71032","Herdweg","tertiary","0","50","km/h","1",12.0231
"201",201,141.384,48.6838,9.03551,0,120820,2020-08-12,141804,14:18:04,"Deutschland","Baden-Württemberg","Landkreis Böblingen","Böblingen","Böblingen","71032","Herdweg","tertiary","0","50","km/h","1",7.74687
"202",202,206.834,48.6865,9.04004,0,120820,2020-08-12,142016,14:20:16,"Deutschland","Baden-Württemberg","Landkreis Böblingen","Böblingen","Böblingen","71032","Herdweg","tertiary","0","50","km/h","1",16.8457
"203",203,239.494,48.6867,9.04122,0,120820,2020-08-12,142030,14:20:30,"Deutschland","Baden-Württemberg","Landkreis Böblingen","Böblingen","Böblingen","71032","Herdweg","tertiary","0","50","km/h","1",21.822
"204",204,218.453,48.6884,9.04381,0,120820,2020-08-12,142141,14:21:41,"Deutschland","Baden-Württemberg","Landkreis Böblingen","Böblingen","Böblingen","71032","Panzerstraße","secondary","0","50","km/h","2",38.5492
"205",205,217.842,48.6732,8.97398,0,130820,2020-08-13,45207,04:52:07,"Deutschland","Baden-Württemberg","Landkreis Böblingen","Ehningen","Ehningen","71034","Herrenberger Straße","primary","no","100","km/h","2",20.3367
"206",206,165.1,48.6567,8.96042,0,130820,2020-08-13,145342,14:53:42,"Deutschland","Baden-Württemberg","Landkreis Böblingen","Ehningen","Ehningen","71139","A 81","motorway","yes","120","km/h","3",27.2576
"207",207,189.201,48.6514,8.97272,0,130820,2020-08-13,145649,14:56:49,"Deutschland","Baden-Württemberg","Landkreis Böblingen","Ehningen","Ehningen","71139","Mauren","tertiary","0","70","km/h","1",25.576
"208",208,188.213,48.6485,8.98521,0,130820,2020-08-13,145844,14:58:44,"Deutschland","Baden-Württemberg","Landkreis Böblingen","Holzgerlingen","Holzgerlingen","71088","Maurener Straße","tertiary","0","100","km/h","1",33.1636
"209",209,188.413,48.6401,9.01671,0,130820,2020-08-13,150708,15:07:08,"Deutschland","Baden-Württemberg","Landkreis Böblingen","Holzgerlingen","Holzgerlingen","71088","Hermannstraße","residential","0","30","km/h","1",44.1088
"210",210,232.334,48.6432,9.03641,0,130820,2020-08-13,150941,15:09:41,"Deutschland","Baden-Württemberg","Landkreis Böblingen","Holzgerlingen","Holzgerlingen","71088","Aichtalstraße","residential","0","30","km/h","1",35.0359
"211",211,110.904,48.6575,9.06009,0,130820,2020-08-13,151628,15:16:28,"Deutschland","Baden-Württemberg","Landkreis Böblingen","Schönaich","Schönaich","71101","Hofstraße","residential","0","30","km/h","1",21.1201
"212",212,156.244,48.6764,9.12374,0,130820,2020-08-13,153309,15:33:09,"Deutschland","Baden-Württemberg","Landkreis Böblingen","Steinenbronn","Steinenbronn","71144","L 1208","secondary","0","50","km/h","2",34.3359
"213",213,184.9,48.6885,9.15497,0,130820,2020-08-13,154651,15:46:51,"Deutschland","Baden-Württemberg","Landkreis Esslingen","Echterdingen","Echterdingen","70771","Goldäcker","track","0","50","km/h","1",26.8112
"214",214,139.304,48.6886,9.03812,0,110820,2020-08-11,44830,04:48:30,"Deutschland","Baden-Württemberg","Landkreis Böblingen","Böblingen","Böblingen","71032","Waldburgstraße","residential","0","30","km/h","1",14.6826
"215",215,183.244,48.6819,8.99821,0,110820,2020-08-11,45531,04:55:31,"Deutschland","Baden-Württemberg","Landkreis Böblingen","Böblingen","Böblingen","71034","Herrenberger Straße","primary","0","50","km/h","3",6.6542
"216",216,228.813,48.6819,8.99821,0,110820,2020-08-11,45531,04:55:31,"Deutschland","Baden-Württemberg","Landkreis Böblingen","Böblingen","Böblingen","71034","Herrenberger Straße","primary","0","50","km/h","3",6.6542
"217",217,195.915,48.6797,8.99264,0,110820,2020-08-11,45659,04:56:59,"Deutschland","Baden-Württemberg","Landkreis Böblingen","Böblingen","Böblingen","71034","Herrenberger Straße","primary","0","50","km/h","3",13.1936
"218",218,237.811,48.6752,8.97774,0,110820,2020-08-11,45958,04:59:58,"Deutschland","Baden-Württemberg","Landkreis Böblingen","Böblingen","Böblingen","71034","Herrenberger Straße","primary","0","70","km/h","4",27.6113
"219",219,136.651,48.6616,8.95409,0,110820,2020-08-11,142009,14:20:09,"Deutschland","Baden-Württemberg","Landkreis Böblingen","Ehningen","Ehningen","71139","K 1077","primary","no","70","km/h","3",28.2947
"220",220,168.774,48.6616,8.95409,0,110820,2020-08-11,142009,14:20:09,"Deutschland","Baden-Württemberg","Landkreis Böblingen","Ehningen","Ehningen","71139","K 1077","primary","no","70","km/h","3",28.2947
"221",221,228.79,48.6832,9.00331,0,110820,2020-08-11,143212,14:32:12,"Deutschland","Baden-Württemberg","Landkreis Böblingen","Böblingen","Böblingen","71034","Herrenberger Straße","primary","yes","50","km/h","2",20.6793
"222",222,215.137,48.6844,9.00715,0,110820,2020-08-11,143256,14:32:56,"Deutschland","Baden-Württemberg","Landkreis Böblingen","Böblingen","Böblingen","71034","Herrenberger Straße","primary","yes","50","km/h","3",25.3
"223",223,155.558,48.6846,9.00783,0,110820,2020-08-11,143303,14:33:03,"Deutschland","Baden-Württemberg","Landkreis Böblingen","Böblingen","Böblingen","71032","Herrenberger Straße","primary","yes","50","km/h","2",27.7335
"224",224,190.723,48.6964,9.0647,0,110820,2020-08-11,144656,14:46:56,"Deutschland","Baden-Württemberg","Landkreis Böblingen","Böblingen","Böblingen","71065","Römerstraße","track","0","50","km/h","1",12.1861
"225",225,192.529,48.6918,9.14754,0,110820,2020-08-11,150341,15:03:41,"Deutschland","Baden-Württemberg","Landkreis Esslingen","Leinfelden","Leinfelden","70771","Echterdinger Straße","tertiary","0","50","km/h","1",31.3486
"226",226,191.046,48.7829,9.17335,0,160820,2020-08-16,90949,09:09:49,"Deutschland","Baden-Württemberg","Stuttgart","Stuttgart-Mitte","Stuttgart","70174","Kriegsbergstraße","secondary","yes","40","km/h","2",19.0088
"227",227,206.58,48.7829,9.17335,0,160820,2020-08-16,90949,09:09:49,"Deutschland","Baden-Württemberg","Stuttgart","Stuttgart-Mitte","Stuttgart","70174","Kriegsbergstraße","secondary","yes","40","km/h","2",19.0088
"228",228,106.421,48.7832,9.16611,0,160820,2020-08-16,91159,09:11:59,"Deutschland","Baden-Württemberg","Stuttgart","Relenberg","Stuttgart","70174","Hegelstraße","tertiary","0","40","km/h","1",0.314838
"229",229,222.752,48.7829,9.16623,0,160820,2020-08-16,91426,09:14:26,"Deutschland","Baden-Württemberg","Stuttgart","Stuttgart-Mitte","Stuttgart","70174","Hoppenlaustraße","residential","yes","30","km/h","1",8.64509
"230",230,123.931,48.7738,9.16439,0,160820,2020-08-16,92947,09:29:47,"Deutschland","Baden-Württemberg","Stuttgart","Stuttgart-West","Stuttgart","70176","Gutenbergstraße","residential","yes","30","km/h","1",12.6565
"231",231,177.499,48.7722,9.16523,0,160820,2020-08-16,93911,09:39:11,"Deutschland","Baden-Württemberg","Stuttgart","Feuersee","Stuttgart","70178","Hermannstraße","residential","yes","30","km/h","1",13.6732
"232",232,204.428,48.7722,9.16523,0,160820,2020-08-16,93911,09:39:11,"Deutschland","Baden-Württemberg","Stuttgart","Feuersee","Stuttgart","70178","Hermannstraße","residential","yes","30","km/h","1",13.6732
"233",233,218.394,48.7728,9.16695,0,160820,2020-08-16,93945,09:39:45,"Deutschland","Baden-Württemberg","Stuttgart","Stuttgart-West","Stuttgart","70178","Rotebühlstraße","secondary","0","40","km/h","5",8.88214
"234",234,203.855,48.7784,9.17557,0,160820,2020-08-16,94339,09:43:39,"Deutschland","Baden-Württemberg","Stuttgart","Stuttgart-Mitte","Stuttgart","70174","Theodor-Heuss-Straße","primary","yes","40","km/h","2",14.3214
"235",235,140.567,48.7807,9.17746,0,160820,2020-08-16,94726,09:47:26,"Deutschland","Baden-Württemberg","Stuttgart","Stuttgart-Mitte","Stuttgart","70173","Lautenschlagerstraße","residential","yes","20","km/h","1",9.62294
"236",236,189.6,48.7771,9.18176,0,160820,2020-08-16,95029,09:50:29,"Deutschland","Baden-Württemberg","Stuttgart","Stuttgart-Mitte","Stuttgart","70173","Richard-von-Weizsäcker-Planie","residential","yes","50","km/h","1",9.22661
"237",237,140.304,48.7741,9.17901,0,160820,2020-08-16,95252,09:52:52,"Deutschland","Baden-Württemberg","Stuttgart","Stuttgart-Mitte","Stuttgart","70173","Eberhardstraße","residential","0","30","km/h","1",13.5751
"238",238,199.59,48.7715,9.17395,0,160820,2020-08-16,95535,09:55:35,"Deutschland","Baden-Württemberg","Stuttgart","Stuttgart-Mitte","Stuttgart","70178","Tübinger Straße","residential","0","20","km/h","1",8.53767
"239",239,125.48,48.7712,9.17328,0,160820,2020-08-16,95549,09:55:49,"Deutschland","Baden-Württemberg","Stuttgart","Stuttgart-Mitte","Stuttgart","70178","Tübinger Straße","residential","0","20","km/h","1",3.1669
"240",240,173.096,48.7712,9.17328,0,160820,2020-08-16,95549,09:55:49,"Deutschland","Baden-Württemberg","Stuttgart","Stuttgart-Mitte","Stuttgart","70178","Tübinger Straße","residential","0","20","km/h","1",3.1669
"241",241,170.7,48.7707,9.17281,0,160820,2020-08-16,95607,09:56:07,"Deutschland","Baden-Württemberg","Stuttgart","Stuttgart-Süd","Stuttgart","70178","Tübinger Straße","residential","0","30","km/h","3",11.5046
"242",242,168.505,48.7628,9.16319,0,160820,2020-08-16,100624,10:06:24,"Deutschland","Baden-Württemberg","Stuttgart","Stuttgart-Süd","Stuttgart","70178","Möhringer Straße","residential","0","30","km/h","1",13.1862
"243",243,237.064,48.7747,9.17254,0,160820,2020-08-16,101402,10:14:02,"Deutschland","Baden-Württemberg","Stuttgart","Stuttgart-Mitte","Stuttgart","70173","Calwer Straße","pedestrian","0","30","km/h","1",5.65412
"244",244,230.274,48.7827,9.17089,0,160820,2020-08-16,102034,10:20:34,"Deutschland","Baden-Württemberg","Stuttgart","Stuttgart-Mitte","Stuttgart","70174","Herdweg","tertiary","yes","40","km/h","2",11.5509
"245",245,145.511,48.7838,9.16951,0,160820,2020-08-16,102121,10:21:21,"Deutschland","Baden-Württemberg","Stuttgart","Relenberg","Stuttgart","70174","Herdweg","tertiary","0","40","km/h","3",6.93755
"246",246,219.015,48.7837,9.17114,0,160820,2020-08-16,102808,10:28:08,"Deutschland","Baden-Württemberg","Stuttgart","Stuttgart-Mitte","Stuttgart","70174","Herdweg","tertiary","yes","40","km/h","1",13.0028
"247",247,216.387,48.7846,9.17384,0,160820,2020-08-16,103041,10:30:41,"Deutschland","Baden-Württemberg","Stuttgart","Stuttgart-Mitte","Stuttgart","70174","Jägerstraße","residential","0","30","km/h","1",1.32788
"248",248,237.35,48.7844,9.17372,0,160820,2020-08-16,103204,10:32:04,"Deutschland","Baden-Württemberg","Stuttgart","Stuttgart-Mitte","Stuttgart","70174","Keplerstraße","residential","0","20","km/h","1",0.748204
"249",249,187.729,48.7844,9.17357,0,160820,2020-08-16,103434,10:34:34,"Deutschland","Baden-Württemberg","Stuttgart","Stuttgart-Mitte","Stuttgart","70174","Jägerstraße","residential","0","30","km/h","1",1.35936
"250",250,98.0368,48.7847,9.17381,0,160820,2020-08-16,104116,10:41:16,"Deutschland","Baden-Württemberg","Stuttgart","Stuttgart-Mitte","Stuttgart","70174","Jägerstraße","residential","0","30","km/h","1",0.275946
"251",251,171.368,48.6908,9.15976,0,200720,2020-07-20,60612,06:06:12,"Deutschland","Baden-Württemberg","Landkreis Esslingen","Echterdingen","Echterdingen","70771","Leinfelder Straße","secondary","0","50","km/h","1",21.7016
"252",252,230.85,48.6948,9.15882,0,200720,2020-07-20,60741,06:07:41,"Deutschland","Baden-Württemberg","Landkreis Esslingen","Echterdingen","Echterdingen","70771","Friedrich-List-Straße","secondary","0","50","km/h","1",23.2536
"253",253,251.175,48.6987,9.15246,0,200720,2020-07-20,60926,06:09:26,"Deutschland","Baden-Württemberg","Landkreis Esslingen","Leinfelden","Leinfelden","70771","Osttangente","proposed","0","50","km/h","1",24.8648
"254",254,138.787,48.7011,9.1484,0,200720,2020-07-20,61039,06:10:39,"Deutschland","Baden-Württemberg","Landkreis Esslingen","Leinfelden","Leinfelden","70771","Maybachstraße","secondary","0","50","km/h","3",13.3491
"255",255,206.104,48.7257,9.14665,0,200720,2020-07-20,61906,06:19:06,"Deutschland","Baden-Württemberg","Stuttgart","Möhringen","Stuttgart","70567","Sigmaringer Straße","secondary","0","50","km/h","2",7.93762
"256",256,181.975,48.7263,9.14703,0,200720,2020-07-20,61925,06:19:25,"Deutschland","Baden-Württemberg","Stuttgart","Möhringen","Stuttgart","70567","Filderbahnstraße","secondary","0","50","km/h","1",12.1453
"257",257,155.589,48.7281,9.14757,0,200720,2020-07-20,62000,06:20:00,"Deutschland","Baden-Württemberg","Stuttgart","Möhringen","Stuttgart","70567","Vaihinger Straße","secondary","0","50","km/h","2",18.2643
"258",258,193.076,48.7347,9.1512,0,200720,2020-07-20,62234,06:22:34,"Deutschland","Baden-Württemberg","Stuttgart","Möhringen","Stuttgart","70567","Rembrandtstraße","tertiary","0","50","km/h","2",24.4648
"259",259,182.749,48.7382,9.15213,0,200720,2020-07-20,62330,06:23:30,"Deutschland","Baden-Württemberg","Stuttgart","Möhringen","Stuttgart","70567","Rembrandtstraße","tertiary","0","60","km/h","2",17.5476
"260",260,193.731,48.7394,9.15277,0,200720,2020-07-20,62359,06:23:59,"Deutschland","Baden-Württemberg","Stuttgart","Möhringen","Stuttgart","70567","Rembrandtstraße","tertiary","0","60","km/h","2",14.0603
"261",261,203.945,48.7455,9.14553,0,200720,2020-07-20,62634,06:26:34,"Deutschland","Baden-Württemberg","Stuttgart","Möhringen","Stuttgart","70597","Abraham-Wolf-Straße",NA,"0","30","km/h","1",26.5279
"262",262,170.451,48.7455,9.14553,0,200720,2020-07-20,62634,06:26:34,"Deutschland","Baden-Württemberg","Stuttgart","Möhringen","Stuttgart","70597","Abraham-Wolf-Straße",NA,"0","30","km/h","1",26.5279
"263",263,143.975,48.7609,9.15975,0,200720,2020-07-20,63614,06:36:14,"Deutschland","Baden-Württemberg","Stuttgart","Heslach","Stuttgart","70199","Karl-Kloß-Straße","secondary","0","40","km/h","4",2.94096
"264",264,150.019,48.7614,9.15998,0,200720,2020-07-20,63704,06:37:04,"Deutschland","Baden-Württemberg","Stuttgart","Heslach","Stuttgart","70199","Karl-Kloß-Straße","secondary","0","40","km/h","4",1.60567
"265",265,172.757,48.7644,9.16818,0,200720,2020-07-20,63955,06:39:55,"Deutschland","Baden-Württemberg","Stuttgart","Stuttgart-Süd","Stuttgart","70178","Marienplatz","pedestrian","0","40","km/h","1",15.8086
"266",266,157.527,48.7541,9.14021,0,200720,2020-07-20,181921,18:19:21,"Deutschland","Baden-Württemberg","Stuttgart","Südheim","Stuttgart","70199","B 14","trunk","yes","60","km/h","2",21.4849
"267",267,189.998,48.7503,9.13716,0,200720,2020-07-20,182034,18:20:34,"Deutschland","Baden-Württemberg","Stuttgart","Südheim","Stuttgart","70199","Böblinger Straße","secondary","yes","50","km/h","1",21.985
"268",268,185.45,48.7434,9.1482,0,200720,2020-07-20,182612,18:26:12,"Deutschland","Baden-Württemberg","Stuttgart","Möhringen","Stuttgart","70597","Abraham-Wolf-Straße","residential","0","30","km/h","1",16.166
"269",269,140.28,48.7432,9.15157,0,200720,2020-07-20,182725,18:27:25,"Deutschland","Baden-Württemberg","Stuttgart","Möhringen","Stuttgart","70597","Sonnenbühl","residential","0","30","km/h","1",21.3886
"270",270,186.584,48.7288,9.15033,0,200720,2020-07-20,183240,18:32:40,"Deutschland","Baden-Württemberg","Stuttgart","Möhringen","Stuttgart","70567","Rembrandtstraße","tertiary","0","50","km/h","3",0.374102
"271",271,129.642,48.7271,9.14985,0,200720,2020-07-20,183309,18:33:09,"Deutschland","Baden-Württemberg","Stuttgart","Möhringen","Stuttgart","70567","Richterplatz","secondary","0","50","km/h","1",26.6057
"272",272,176.496,48.7247,9.1485,0,200720,2020-07-20,183418,18:34:18,"Deutschland","Baden-Württemberg","Stuttgart","Möhringen","Stuttgart","70567","Dinghofstraße","residential","0","30","km/h","1",18.7069
"273",273,182.9,48.706,9.14549,0,200720,2020-07-20,184124,18:41:24,"Deutschland","Baden-Württemberg","Landkreis Esslingen","Unteraichen","Unteraichen","70771","Meisenweg","residential","0","30","km/h","1",22.9128
"274",274,184.189,48.7033,9.14672,0,220720,2020-07-22,84913,08:49:13,"Deutschland","Baden-Württemberg","Landkreis Esslingen","Unteraichen","Unteraichen","70771","Hohenheimer Straße","residential","0","30","km/h","1",20.6608
"275",275,187.361,48.7038,9.14514,0,220720,2020-07-22,84946,08:49:46,"Deutschland","Baden-Württemberg","Landkreis Esslingen","Unteraichen","Unteraichen","70771","Falkenstraße","residential","0","30","km/h","1",14.7826
"276",276,150.333,48.705,9.14497,0,220720,2020-07-22,85013,08:50:13,"Deutschland","Baden-Württemberg","Landkreis Esslingen","Unteraichen","Unteraichen","70771","Adlerstraße","residential","0","30","km/h","1",11.6472
"277",277,168.505,48.7226,9.14589,0,220720,2020-07-22,85537,08:55:37,"Deutschland","Baden-Württemberg","Stuttgart","Möhringen","Stuttgart","70567","Hechinger Straße","secondary","0","50","km/h","1",22.2942
"278",278,171.619,48.7264,9.15098,0,220720,2020-07-22,85741,08:57:41,"Deutschland","Baden-Württemberg","Stuttgart","Möhringen","Stuttgart","70567","Kleinknechtstraße","residential","0","30","km/h","1",8.27839
"279",279,156.784,48.7276,9.15,0,220720,2020-07-22,85813,08:58:13,"Deutschland","Baden-Württemberg","Stuttgart","Möhringen","Stuttgart","70567","Rembrandtstraße","secondary","0","50","km/h","2",17.5069
"280",280,197.7,48.7284,9.15034,0,220720,2020-07-22,85831,08:58:31,"Deutschland","Baden-Württemberg","Stuttgart","Möhringen","Stuttgart","70567","Rembrandtstraße","secondary","0","50","km/h","3",9.61923
"281",281,190.287,48.7306,9.15076,0,220720,2020-07-22,90027,09:02:07,"Deutschland","Baden-Württemberg","Stuttgart","Möhringen","Stuttgart","70567","Rembrandtstraße","tertiary","0","50","km/h","3",12.951
"282",282,195.355,48.7353,9.15105,0,220720,2020-07-22,90158,09:01:58,"Deutschland","Baden-Württemberg","Stuttgart","Möhringen","Stuttgart","70567","Rembrandtstraße","tertiary","0","60","km/h","2",24.8889
"283",283,180.183,48.7411,9.1534,0,220720,2020-07-22,90350,09:03:50,"Deutschland","Baden-Württemberg","Stuttgart","Möhringen","Stuttgart","70597","Kremmlerstraße","residential","0","30","km/h","1",11.4194
"284",284,199.678,48.7494,9.15615,0,220720,2020-07-22,90713,09:07:13,"Deutschland","Baden-Württemberg","Stuttgart","Degerloch","Stuttgart","70597","Heinestraße","secondary","0","50","km/h","3",31.3949
"285",285,140.69,48.7568,9.15626,0,220720,2020-07-22,90941,09:09:41,"Deutschland","Baden-Württemberg","Stuttgart","Südheim","Stuttgart","70199","Karl-Kloß-Straße","secondary","0","50","km/h","2",34.4359
"286",286,143.331,48.756,9.15851,0,220720,2020-07-22,90957,09:09:57,"Deutschland","Baden-Württemberg","Stuttgart","Südheim","Stuttgart","70199","Karl-Kloß-Straße","secondary","0","50","km/h","2",35.7897
"287",287,121.869,48.7619,9.16013,0,220720,2020-07-22,91302,09:13:02,"Deutschland","Baden-Württemberg","Stuttgart","Heslach","Stuttgart","70199","Möhringer Straße","pedestrian","0","50","km/h","1",15.1511
"288",288,133.335,48.781,9.1761,0,220720,2020-07-22,145143,14:51:43,"Deutschland","Baden-Württemberg","Stuttgart","Stuttgart-Mitte","Stuttgart","70174","Schellingstraße","residential","0","30","km/h","1",6.14675
"289",289,161.783,48.7207,9.16562,0,230720,2020-07-23,61000,06:10:00,"Deutschland","Baden-Württemberg","Stuttgart","Möhringen","Stuttgart","70567","Bürst","track","0","30","km/h","1",12.675
"290",290,154.478,48.7212,9.16628,0,230720,2020-07-23,61017,06:10:17,"Deutschland","Baden-Württemberg","Stuttgart","Möhringen","Stuttgart","70567","Kurt-Schumacher-Straße","tertiary","yes","50","km/h","2",15.1345
"291",291,208.863,48.7242,9.16765,0,230720,2020-07-23,61205,06:12:05,"Deutschland","Baden-Württemberg","Stuttgart","Möhringen","Stuttgart","70567","Epplestraße","secondary","0","50","km/h","2",21.4627
"292",292,164.812,48.7309,9.16753,0,230720,2020-07-23,61335,06:13:35,"Deutschland","Baden-Württemberg","Stuttgart","Möhringen","Stuttgart","70567","Epplestraße","secondary","0","60","km/h","2",12.462
"293",293,183.783,48.7309,9.16753,0,230720,2020-07-23,61335,06:13:35,"Deutschland","Baden-Württemberg","Stuttgart","Möhringen","Stuttgart","70567","Epplestraße","secondary","0","60","km/h","2",12.462
"294",294,188.89,48.7309,9.16753,0,230720,2020-07-23,61335,06:13:35,"Deutschland","Baden-Württemberg","Stuttgart","Möhringen","Stuttgart","70567","Epplestraße","secondary","0","60","km/h","2",12.462
"295",295,123.622,48.7404,9.16931,0,230720,2020-07-23,61652,06:16:52,"Deutschland","Baden-Württemberg","Stuttgart","Degerloch","Stuttgart","70597","Epplestraße","tertiary","0","50","km/h","1",17.5513
"296",296,198.215,48.747,9.17028,0,230720,2020-07-23,61912,06:19:12,"Deutschland","Baden-Württemberg","Stuttgart","Degerloch","Stuttgart","70597","Epplestraße","tertiary","yes","50","km/h","2",8.64323
"297",297,233.477,48.7495,9.1701,0,230720,2020-07-23,62012,06:20:12,"Deutschland","Baden-Württemberg","Stuttgart","Degerloch","Stuttgart","70597","Jahnstraße","secondary","yes","50","km/h","1",19.57
"298",298,192.349,48.7612,9.17948,0,230720,2020-07-23,62302,06:23:02,"Deutschland","Baden-Württemberg","Stuttgart","Weinsteige","Stuttgart","70180","Neue Weinsteige","primary","yes","40","km/h","2",45.7145
"299",299,176.003,48.7734,9.17478,0,230720,2020-07-23,63028,06:30:28,"Deutschland","Baden-Württemberg","Stuttgart","Stuttgart-Mitte","Stuttgart","70173","Königstraße","pedestrian","0","40","km/h","1",11.6564
"300",300,245.55,48.7735,9.17357,0,230720,2020-07-23,63107,06:31:07,"Deutschland","Baden-Württemberg","Stuttgart","Stuttgart-Mitte","Stuttgart","70178","Marienstraße","pedestrian","0","40","km/h","1",14.0492
"301",301,121.696,48.7734,9.17387,0,230720,2020-07-23,63118,06:31:18,"Deutschland","Baden-Württemberg","Stuttgart","Stuttgart-Mitte","Stuttgart","70178","Kleine Königstraße","pedestrian","0","40","km/h","1",7.77465
"302",302,224.014,48.7755,9.17443,0,230720,2020-07-23,63132,06:31:32,"Deutschland","Baden-Württemberg","Stuttgart","Stuttgart-Mitte","Stuttgart","70173","Kronprinzstraße","residential","yes","30","km/h","2",14.7492
"303",303,157.438,48.7794,9.17416,0,230720,2020-07-23,63329,06:33:29,"Deutschland","Baden-Württemberg","Stuttgart","Stuttgart-Mitte","Stuttgart","70174","Schloßstraße","secondary","yes","40","km/h","1",7.83762
"304",304,137.779,48.7843,9.17422,0,230720,2020-07-23,93713,09:37:13,"Deutschland","Baden-Württemberg","Stuttgart","Stuttgart-Mitte","Stuttgart","70174","Keplerstraße","residential","0","20","km/h","1",8.93585
"305",305,228.644,48.7733,9.18676,0,230720,2020-07-23,183559,18:35:59,"Deutschland","Baden-Württemberg","Stuttgart","Stuttgart-Mitte","Stuttgart","70182","Hohenheimer Straße","primary","yes","40","km/h","2",25.4056
"306",306,165.869,48.7661,9.18403,0,230720,2020-07-23,183921,18:39:21,"Deutschland","Baden-Württemberg","Stuttgart","Bopser","Stuttgart","70184","Bopserwaldstraße","residential","0","30","km/h","1",17.918
"307",307,127.242,48.7598,9.18363,0,230720,2020-07-23,184559,18:45:59,"Deutschland","Baden-Württemberg","Stuttgart","Bopser","Stuttgart","70184","Unteres Bopsersträßle","track","0","30","km/h","1",13.8918
"308",308,202.697,48.7596,9.1839,0,230720,2020-07-23,184607,18:46:07,"Deutschland","Baden-Württemberg","Stuttgart","Bopser","Stuttgart","70184","Unteres Bopsersträßle","track","0","30","km/h","1",12.1176
"309",309,144.627,48.7524,9.17595,0,230720,2020-07-23,184938,18:49:38,"Deutschland","Baden-Württemberg","Stuttgart","Degerloch","Stuttgart","70597","Hainbuchenweg","residential","0","30","km/h","1",22.9906
"310",310,118.485,48.7524,9.17595,0,230720,2020-07-23,184938,18:49:38,"Deutschland","Baden-Württemberg","Stuttgart","Degerloch","Stuttgart","70597","Hainbuchenweg","residential","0","30","km/h","1",22.9906
"311",311,214.017,48.7449,9.17516,0,230720,2020-07-23,185129,18:51:29,"Deutschland","Baden-Württemberg","Stuttgart","Degerloch","Stuttgart","70597","Reutlinger Straße","tertiary","0","50","km/h","1",39.0307
"312",312,207.271,48.7415,9.17401,0,230720,2020-07-23,185221,18:52:21,"Deutschland","Baden-Württemberg","Stuttgart","Degerloch","Stuttgart","70597","Reutlinger Straße","tertiary","0","50","km/h","1",25.3648
"313",313,190.205,48.709,9.16896,0,230720,2020-07-23,190600,19:06:00,"Deutschland","Baden-Württemberg","Stuttgart","Fasanenhof","Stuttgart","70567","Schelmenwasenstraße","tertiary","yes","50","km/h","1",28.6392
"314",314,230.85,48.7161,9.14283,0,240720,2020-07-24,62028,06:20:28,"Deutschland","Baden-Württemberg","Stuttgart","Möhringen","Stuttgart","70567","Hechinger Straße","track","0","50","km/h","1",23.6795
"315",315,232.069,48.7631,9.16489,0,240720,2020-07-24,64008,06:40:08,"Deutschland","Baden-Württemberg","Stuttgart","Stuttgart-Süd","Stuttgart","70178","Möhringer Straße","residential","0","30","km/h","1",11.3416
"316",316,148.757,48.7728,9.17475,0,240720,2020-07-24,64345,06:43:45,"Deutschland","Baden-Württemberg","Stuttgart","Stuttgart-Mitte","Stuttgart","70178","Tübinger Straße","residential","0","20","km/h","1",7.98763
"317",317,212.882,48.7787,9.17151,0,240720,2020-07-24,64635,06:46:35,"Deutschland","Baden-Württemberg","Stuttgart","Stuttgart-Mitte","Stuttgart","70174","Büchsenstraße","residential","0","30","km/h","2",5.37818
"318",318,70.6209,48.7485,9.16785,0,240720,2020-07-24,175245,17:52:45,"Deutschland","Baden-Württemberg","Stuttgart","Degerloch","Stuttgart","70597","Löffelstraße","primary","yes","50","km/h","3",8.40988
"319",319,207.343,48.7214,9.14503,0,240720,2020-07-24,180216,18:02:16,"Deutschland","Baden-Württemberg","Stuttgart","Möhringen","Stuttgart","70567","Hechinger Straße","secondary","0","50","km/h","1",18.6958
"320",320,134.564,48.7117,9.14167,0,240720,2020-07-24,180515,18:05:15,"Deutschland","Baden-Württemberg","Stuttgart","Möhringen","Stuttgart","70565","Weibel","track","0","50","km/h","1",24.787
"321",321,194.346,48.7016,9.14734,0,240720,2020-07-24,180901,18:09:01,"Deutschland","Baden-Württemberg","Landkreis Esslingen","Leinfelden","Leinfelden","70771","Maybachstraße","secondary","0","50","km/h","1",22.0813
"322",322,187.692,48.7827,9.17317,0,160820,2020-08-16,90951,09:09:51,"Deutschland","Baden-Württemberg","Stuttgart","Stuttgart-Mitte","Stuttgart","70174","Kriegsbergstraße","secondary","yes","40","km/h","3",16.5364
"323",323,87.789,48.7733,9.17054,0,160820,2020-08-16,92558,09:25:58,"Deutschland","Baden-Württemberg","Stuttgart","Stuttgart-Mitte","Stuttgart","70178","Paulinenstraße","primary","yes","40","km/h","4",0.761168
"324",324,145.395,48.7736,9.16951,0,160820,2020-08-16,92804,09:28:04,"Deutschland","Baden-Württemberg","Stuttgart","Stuttgart-West","Stuttgart","70178","Rotebühlstraße","secondary","yes","40","km/h","2",13.2936
"325",325,95.9928,48.7741,9.16611,0,160820,2020-08-16,92921,09:29:21,"Deutschland","Baden-Württemberg","Stuttgart","Stuttgart-West","Stuttgart","70176","Gutenbergstraße","residential","yes","30","km/h","1",11.9268
"326",326,128.685,48.7735,9.16437,0,160820,2020-08-16,93000,09:30:00,"Deutschland","Baden-Württemberg","Stuttgart","Stuttgart-West","Stuttgart","70176","Gutenbergstraße","residential","0","30","km/h","1",11.236
"327",327,128.237,48.7708,9.15625,0,160820,2020-08-16,93355,09:33:55,"Deutschland","Baden-Württemberg","Stuttgart","Rotebühl","Stuttgart","70197","Rötestraße","residential","0","30","km/h","1",8.18394
"328",328,81.8745,48.7701,9.15676,0,160820,2020-08-16,93448,09:34:48,"Deutschland","Baden-Württemberg","Stuttgart","Rotebühl","Stuttgart","70197","Rotebühlstraße","secondary","0","40","km/h","3",2.73539
"329",329,169.799,48.7721,9.1632,0,160820,2020-08-16,93851,09:38:51,"Deutschland","Baden-Württemberg","Stuttgart","Stuttgart-West","Stuttgart","70176","Senefelderstraße","residential","0","30","km/h","1",17.0827
"330",330,241.524,48.7786,9.17507,0,160820,2020-08-16,94352,09:43:52,"Deutschland","Baden-Württemberg","Stuttgart","Stuttgart-Mitte","Stuttgart","70174","Willi-Bleicher-Straße","primary","yes","50","km/h","1",15.4789
"331",331,198.415,48.779,9.18024,0,160820,2020-08-16,94838,09:48:38,"Deutschland","Baden-Württemberg","Stuttgart","Stuttgart-Mitte","Stuttgart","70173","Bolzstraße","residential","0","30","km/h","1",8.44137
"332",332,135.413,48.7746,9.18053,0,160820,2020-08-16,95226,09:52:26,"Deutschland","Baden-Württemberg","Stuttgart","Stuttgart-Mitte","Stuttgart","70173","Marktstraße","residential","0","30","km/h","1",1.52048
"333",333,122.916,48.7731,9.17484,0,160820,2020-08-16,95446,09:54:46,"Deutschland","Baden-Württemberg","Stuttgart","Stuttgart-Mitte","Stuttgart","70178","Tübinger Straße","residential","0","20","km/h","1",4.35958
"334",334,200.697,48.7731,9.17484,0,160820,2020-08-16,95446,09:54:46,"Deutschland","Baden-Württemberg","Stuttgart","Stuttgart-Mitte","Stuttgart","70178","Tübinger Straße","residential","0","20","km/h","1",4.35958
"335",335,166.159,48.7719,9.17386,0,160820,2020-08-16,101152,10:11:52,"Deutschland","Baden-Württemberg","Stuttgart","Stuttgart-Mitte","Stuttgart","70178","Sophienstraße","residential","yes","30","km/h","1",11.4712
"336",336,151.723,48.7734,9.17465,0,160820,2020-08-16,101253,10:12:53,"Deutschland","Baden-Württemberg","Stuttgart","Stuttgart-Mitte","Stuttgart","70173","Königstraße","pedestrian","0","30","km/h","1",7.04311
"337",337,125.381,48.7745,9.17268,0,160820,2020-08-16,101351,10:13:51,"Deutschland","Baden-Württemberg","Stuttgart","Stuttgart-Mitte","Stuttgart","70173","Rotebühlplatz","residential","0","40","km/h","4",3.02985
"338",338,160.912,48.7831,9.17024,0,160820,2020-08-16,102054,10:20:54,"Deutschland","Baden-Württemberg","Stuttgart","Stuttgart-Mitte","Stuttgart","70174","Herdweg","tertiary","0","40","km/h","2",13.3436
"339",339,156.524,48.7839,9.16937,0,160820,2020-08-16,102155,10:21:55,"Deutschland","Baden-Württemberg","Stuttgart","Relenberg","Stuttgart","70174","Herdweg","tertiary","0","40","km/h","3",12.3472
"340",340,85.3993,48.7834,9.17042,0,160820,2020-08-16,102755,10:27:55,"Deutschland","Baden-Württemberg","Stuttgart","Stuttgart-Mitte","Stuttgart","70174","Herdweg","tertiary","0","40","km/h","2",7.99318
"341",341,112.258,48.7844,9.17391,0,160820,2020-08-16,104129,10:41:29,"Deutschland","Baden-Württemberg","Stuttgart","Stuttgart-Mitte","Stuttgart","70174","Keplerstraße","residential","0","20","km/h","1",0.524113
"342",342,163.254,48.7843,9.17377,0,160820,2020-08-16,105922,10:59:22,"Deutschland","Baden-Württemberg","Stuttgart","Stuttgart-Mitte","Stuttgart","70174","Keplerstraße","residential","0","20","km/h","1",2.50759
"343",343,104.279,48.7806,9.17409,0,160820,2020-08-16,110230,11:02:30,"Deutschland","Baden-Württemberg","Stuttgart","Stuttgart-Mitte","Stuttgart","70174","Joseph-von-Egle-Weg","pedestrian","0","20","km/h","1",19.2718
"344",344,136.602,48.7797,9.17422,0,160820,2020-08-16,110315,11:03:15,"Deutschland","Baden-Württemberg","Stuttgart","Stuttgart-Mitte","Stuttgart","70174","Schloßstraße","secondary","yes","40","km/h","2",1.81125
"345",345,86.6053,48.7797,9.17422,0,160820,2020-08-16,110315,11:03:15,"Deutschland","Baden-Württemberg","Stuttgart","Stuttgart-Mitte","Stuttgart","70174","Schloßstraße","secondary","yes","40","km/h","2",1.81125
"346",346,183.176,48.7774,9.17409,0,160820,2020-08-16,110355,11:03:55,"Deutschland","Baden-Württemberg","Stuttgart","Stuttgart-Mitte","Stuttgart","70174","Theodor-Heuss-Straße","primary","yes","40","km/h","1",23.9147
"347",347,189.262,48.7738,9.17397,0,160820,2020-08-16,110529,11:05:29,"Deutschland","Baden-Württemberg","Stuttgart","Stuttgart-Mitte","Stuttgart","70173","Königstraße","pedestrian","0","40","km/h","1",26.8242
"348",348,173.723,48.7637,9.16606,0,160820,2020-08-16,110905,11:09:05,"Deutschland","Baden-Württemberg","Stuttgart","Stuttgart-Süd","Stuttgart","70178","Möhringer Straße","living_street","0","40","km/h","1",16.4846
"349",349,194.357,48.7625,9.162,0,160820,2020-08-16,110958,11:09:58,"Deutschland","Baden-Württemberg","Stuttgart","Stuttgart-Süd","Stuttgart","70178","Möhringer Straße","residential","0","30","km/h","1",23.1239
"350",350,89.0395,48.7619,9.16016,0,160820,2020-08-16,111132,11:11:32,"Deutschland","Baden-Württemberg","Stuttgart","Heslach","Stuttgart","70199","Möhringer Straße","pedestrian","0","30","km/h","1",0.246315
"351",351,123.26,48.7592,9.15219,0,160820,2020-08-16,111345,11:13:45,"Deutschland","Baden-Württemberg","Stuttgart","Heslach","Stuttgart","70199","Möhringer Straße","tertiary","0","40","km/h","2",0.201867
"352",352,149.841,48.7458,9.1349,0,160820,2020-08-16,111948,11:19:48,"Deutschland","Baden-Württemberg","Stuttgart","Kaltental","Stuttgart","70569","Böblinger Straße","secondary","yes","50","km/h","2",17.8624
"353",353,168.811,48.7458,9.1349,0,160820,2020-08-16,111948,11:19:48,"Deutschland","Baden-Württemberg","Stuttgart","Kaltental","Stuttgart","70569","Böblinger Straße","secondary","yes","50","km/h","2",17.8624
"354",354,144.542,48.7458,9.1349,0,160820,2020-08-16,111948,11:19:48,"Deutschland","Baden-Württemberg","Stuttgart","Kaltental","Stuttgart","70569","Böblinger Straße","secondary","yes","50","km/h","2",17.8624
"355",355,208.708,48.7428,9.13258,0,160820,2020-08-16,112107,11:21:07,"Deutschland","Baden-Württemberg","Stuttgart","Kaltental","Stuttgart","70569","Böblinger Straße","secondary","yes","50","km/h","1",14.0436
"356",356,180.863,48.7412,9.1305,0,160820,2020-08-16,112155,11:21:55,"Deutschland","Baden-Württemberg","Stuttgart","Kaltental","Stuttgart","70569","Böblinger Straße","secondary","yes","50","km/h","1",17.3272
"357",357,203.498,48.736,9.12694,0,160820,2020-08-16,112402,11:24:02,"Deutschland","Baden-Württemberg","Stuttgart","Kaltental","Stuttgart","70563","Böblinger Straße","secondary","yes","50","km/h","1",19.0922
"358",358,186.053,48.7359,9.12628,0,160820,2020-08-16,112417,11:24:17,"Deutschland","Baden-Württemberg","Stuttgart","Kaltental","Stuttgart","70563","Böblinger Straße","secondary","yes","50","km/h","1",13.9399
"359",359,193.23,48.7359,9.12628,0,160820,2020-08-16,112417,11:24:17,"Deutschland","Baden-Württemberg","Stuttgart","Kaltental","Stuttgart","70563","Böblinger Straße","secondary","yes","50","km/h","1",13.9399
"360",360,225.91,48.7359,9.12628,0,160820,2020-08-16,112417,11:24:17,"Deutschland","Baden-Württemberg","Stuttgart","Kaltental","Stuttgart","70563","Böblinger Straße","secondary","yes","50","km/h","1",13.9399
"361",361,129.329,48.7342,9.12049,0,160820,2020-08-16,112703,11:27:03,"Deutschland","Baden-Württemberg","Stuttgart","Österfeld","Stuttgart","70563","Böblinger Straße","secondary","yes","50","km/h","1",7.89503
"362",362,100.231,48.7328,9.12323,0,160820,2020-08-16,112834,11:28:34,"Deutschland","Baden-Württemberg","Stuttgart","Höhenrand","Stuttgart","70563","Nord-Süd-Straße","secondary","no","50","km/h","2",14.9974
"363",363,147.638,48.7303,9.13129,0,160820,2020-08-16,113113,11:31:13,"Deutschland","Baden-Württemberg","Stuttgart","Möhringen","Stuttgart","70567","Nord-Süd-Straße","secondary","0","50","km/h","4",24.963
"364",364,200.9,48.725,9.13419,0,160820,2020-08-16,113324,11:33:24,"Deutschland","Baden-Württemberg","Stuttgart","Möhringen","Stuttgart","70567","Lautlinger Weg","residential","0","50","km/h","1",23.6406
"365",365,146.721,48.7167,9.14233,0,160820,2020-08-16,113706,11:37:06,"Deutschland","Baden-Württemberg","Stuttgart","Möhringen","Stuttgart","70567","Voräcker","track","0","50","km/h","1",22.3813
"366",366,133.207,48.6935,9.16019,0,160820,2020-08-16,114716,11:47:16,"Deutschland","Baden-Württemberg","Landkreis Esslingen","Echterdingen","Echterdingen","70771","Friedrich-List-Straße","secondary","no","50","km/h","1",9.70257
"367",367,215.264,48.691,9.16088,0,160820,2020-08-16,114814,11:48:14,"Deutschland","Baden-Württemberg","Landkreis Esslingen","Echterdingen","Echterdingen","70771","Leinfelder Straße","secondary","0","50","km/h","1",18.7218
"368",368,149.99,48.6908,9.16744,0,160820,2020-08-16,154140,15:41:40,"Deutschland","Baden-Württemberg","Landkreis Esslingen","Echterdingen","Echterdingen","70771","Plieninger Straße","secondary","no","50","km/h","3",20.7775
"369",369,182.856,48.6906,9.17107,0,160820,2020-08-16,154221,15:42:21,"Deutschland","Baden-Württemberg","Landkreis Esslingen","Echterdingen","Echterdingen","70771","Plieninger Straße","secondary","no","50","km/h","1",25.087
"370",370,209.05,48.6906,9.17107,0,160820,2020-08-16,154221,15:42:21,"Deutschland","Baden-Württemberg","Landkreis Esslingen","Echterdingen","Echterdingen","70771","Plieninger Straße","secondary","no","50","km/h","1",25.087
"371",371,138.552,48.6903,9.1765,0,160820,2020-08-16,154330,15:43:30,"Deutschland","Baden-Württemberg","Landkreis Esslingen","Echterdingen","Echterdingen","70771","L 1192","secondary","0","50","km/h","3",21.4868
"372",372,139.185,48.6982,9.19167,0,160820,2020-08-16,154659,15:46:59,"Deutschland","Baden-Württemberg","Stuttgart","Plieningen","Stuttgart","70599","K 9516","tertiary","0","60","km/h","2",31.6727
"373",373,172.209,48.6993,9.19775,0,160820,2020-08-16,154752,15:47:52,"Deutschland","Baden-Württemberg","Stuttgart","Plieningen","Stuttgart","70599","K 9516","tertiary","0","60","km/h","2",29.5281
"374",374,152.872,48.7075,9.20495,0,160820,2020-08-16,155142,15:51:42,"Deutschland","Baden-Württemberg","Stuttgart","Plieningen","Stuttgart","70599","Filderhauptstraße","secondary","0","50","km/h","2",11.036
"375",375,158.16,48.7094,9.2045,0,160820,2020-08-16,155238,15:52:38,"Deutschland","Baden-Württemberg","Stuttgart","Plieningen","Stuttgart","70599","Filderhauptstraße","secondary","0","50","km/h","2",14.5826
"376",376,155.215,48.7161,9.20663,0,160820,2020-08-16,155713,15:57:13,"Deutschland","Baden-Württemberg","Stuttgart","Steckfeld","Stuttgart","70599","Welfenstraße","tertiary","0","50","km/h","1",14.5955
"377",377,157.639,48.7327,9.20167,0,160820,2020-08-16,160727,16:07:27,"Deutschland","Baden-Württemberg","Stuttgart","Schönberg","Stuttgart","70599","Schönbergstraße","residential","0","30","km/h","1",16.7957
"378",378,126.822,48.7327,9.20167,0,160820,2020-08-16,160727,16:07:27,"Deutschland","Baden-Württemberg","Stuttgart","Schönberg","Stuttgart","70599","Schönbergstraße","residential","0","30","km/h","1",16.7957
"379",379,165.025,48.7368,9.1982,0,160820,2020-08-16,160942,16:09:42,"Deutschland","Baden-Württemberg","Stuttgart","Degerloch","Stuttgart","70599","Königsträßle",NA,"0","40","km/h","1",17.7606
"380",380,168.706,48.7471,9.18876,0,160820,2020-08-16,161419,16:14:19,"Deutschland","Baden-Württemberg","Stuttgart","Degerloch","Stuttgart","70597","Königsträßle",NA,"0","40","km/h","1",20.4386
"381",381,167.069,48.7471,9.18876,0,160820,2020-08-16,161419,16:14:19,"Deutschland","Baden-Württemberg","Stuttgart","Degerloch","Stuttgart","70597","Königsträßle",NA,"0","40","km/h","1",20.4386
"382",382,178.889,48.7279,9.13789,0,160820,2020-08-16,163048,16:30:48,"Deutschland","Baden-Württemberg","Stuttgart","Möhringen","Stuttgart","70567","Vaihinger Straße","secondary","0","50","km/h","2",21.1423
"383",383,183.06,48.7282,9.13506,0,160820,2020-08-16,163123,16:31:23,"Deutschland","Baden-Württemberg","Stuttgart","Möhringen","Stuttgart","70567","Vaihinger Straße","secondary","0","50","km/h","4",19.457
"384",384,167.625,48.7291,9.12773,0,160820,2020-08-16,163259,16:32:59,"Deutschland","Baden-Württemberg","Stuttgart","Höhenrand","Stuttgart","70563","Möhringer Landstraße","secondary","0","50","km/h","2",21.2812
"385",385,194.439,48.73,9.12186,0,160820,2020-08-16,163414,16:34:14,"Deutschland","Baden-Württemberg","Stuttgart","Höhenrand","Stuttgart","70563","Möhringer Landstraße","secondary","0","50","km/h","2",22.2239
"386",386,157.68,48.7299,9.11709,0,160820,2020-08-16,163512,16:35:12,"Deutschland","Baden-Württemberg","Stuttgart","Vaihingen","Stuttgart","70563","Möhringer Landstraße","secondary","0","50","km/h","4",22.2516
"387",387,236.66,48.7298,9.11547,0,160820,2020-08-16,163533,16:35:33,"Deutschland","Baden-Württemberg","Stuttgart","Vaihingen","Stuttgart","70563","Möhringer Landstraße","secondary","0","50","km/h","3",20.7386
"388",388,142.505,48.7303,9.11257,0,160820,2020-08-16,163645,16:36:45,"Deutschland","Baden-Württemberg","Stuttgart","Vaihingen","Stuttgart","70563","Haugstraße","residential","0","30","km/h","1",19.4292
"389",389,188.884,48.7245,9.10685,0,160820,2020-08-16,163937,16:39:37,"Deutschland","Baden-Württemberg","Stuttgart","Rosental","Stuttgart","70563","Robert-Koch-Straße","secondary","0","50","km/h","1",27.2372
"390",390,169.266,48.7245,9.10685,0,160820,2020-08-16,163937,16:39:37,"Deutschland","Baden-Württemberg","Stuttgart","Rosental","Stuttgart","70563","Robert-Koch-Straße","secondary","0","50","km/h","1",27.2372
"391",391,170.168,48.7236,9.1132,0,160820,2020-08-16,164214,16:42:14,"Deutschland","Baden-Württemberg","Stuttgart","Wallgraben-West","Stuttgart","70565","Heßbrühlstraße","tertiary","0","50","km/h","1",28.1539
"392",392,176.264,48.7056,9.13089,0,160820,2020-08-16,164956,16:49:56,"Deutschland","Baden-Württemberg","Landkreis Esslingen","Leinfelden","Leinfelden","70771","Schulstraße","track","0","50","km/h","1",16.3605
"393",393,198.027,48.7055,9.13099,0,160820,2020-08-16,164958,16:49:58,"Deutschland","Baden-Württemberg","Landkreis Esslingen","Leinfelden","Leinfelden","70771","Schulstraße","track","0","50","km/h","1",17.868
"394",394,154.415,48.7055,9.13099,0,160820,2020-08-16,164958,16:49:58,"Deutschland","Baden-Württemberg","Landkreis Esslingen","Leinfelden","Leinfelden","70771","Schulstraße","track","0","50","km/h","1",17.868
"395",395,152.566,48.7041,9.13791,0,160820,2020-08-16,165131,16:51:31,"Deutschland","Baden-Württemberg","Landkreis Esslingen","Unteraichen","Unteraichen","70771","Schulstraße","residential","0","30","km/h","1",20.4219
"396",396,144.97,48.6977,9.14149,0,160820,2020-08-16,165359,16:53:59,"Deutschland","Baden-Württemberg","Landkreis Esslingen","Leinfelden","Leinfelden","70771","Bahnhofstraße","tertiary","no","50","km/h","1",14.4122
"397",397,130.323,48.6904,9.13939,0,160820,2020-08-16,165737,16:57:37,"Deutschland","Baden-Württemberg","Landkreis Esslingen","Leinfelden","Leinfelden","70771","Lengenfeldstraße","residential","0","30","km/h","1",7.26535
"398",398,181.554,48.688,9.15648,0,160820,2020-08-16,170144,17:01:44,"Deutschland","Baden-Württemberg","Landkreis Esslingen","Echterdingen","Echterdingen","70771","Schimmelwiesenstraße","residential","0","30","km/h","1",15.2641
"399",399,165.966,48.6879,9.16694,0,160820,2020-08-16,170615,17:06:15,"Deutschland","Baden-Württemberg","Landkreis Esslingen","Echterdingen","Echterdingen","70771","Hauptstraße","secondary","0","40","km/h","2",20.62
"400",400,189.994,48.6887,9.16713,0,160820,2020-08-16,170631,17:06:31,"Deutschland","Baden-Württemberg","Landkreis Esslingen","Echterdingen","Echterdingen","70771","Bernhäuser Straße","residential","0","20","km/h","1",24.0518
"401",401,110.085,48.6907,9.16451,0,160820,2020-08-16,170829,17:08:29,"Deutschland","Baden-Württemberg","Landkreis Esslingen","Echterdingen","Echterdingen","70771","Martin-Luther-Straße","residential","0","30","km/h","1",19.2903
"402",402,159.3,48.7061,9.14341,0,190720,2020-07-19,120645,12:06:45,"Deutschland","Baden-Württemberg","Landkreis Esslingen","Unteraichen","Unteraichen","70771","Starenweg","residential","0","30","km/h","1",23.1591
"403",403,141.22,48.7077,9.14289,0,190720,2020-07-19,120715,12:07:15,"Deutschland","Baden-Württemberg","Landkreis Esslingen","Unteraichen","Unteraichen","70771","Fasanenweg",NA,"0","30","km/h","1",22.6165
"404",404,203.251,48.7207,9.14472,0,190720,2020-07-19,121036,12:10:36,"Deutschland","Baden-Württemberg","Stuttgart","Möhringen","Stuttgart","70567","Hechinger Straße","secondary","0","50","km/h","1",24.7518
"405",405,156.834,48.7288,9.15257,0,190720,2020-07-19,121403,12:14:03,"Deutschland","Baden-Württemberg","Stuttgart","Möhringen","Stuttgart","70567","Gammertinger Straße","residential","0","30","km/h","1",14.0436
"406",406,174.124,48.7292,9.15327,0,190720,2020-07-19,121414,12:14:14,"Deutschland","Baden-Württemberg","Stuttgart","Möhringen","Stuttgart","70567","Sigmaringer Straße","secondary","0","50","km/h","2",22.4498
"407",407,206.18,48.7327,9.15839,0,190720,2020-07-19,121604,12:16:04,"Deutschland","Baden-Württemberg","Stuttgart","Möhringen","Stuttgart","70567","Sigmaringer Straße","secondary","0","50","km/h","1",23.9055
"408",408,166.382,48.7463,9.17326,0,190720,2020-07-19,122146,12:21:46,"Deutschland","Baden-Württemberg","Stuttgart","Degerloch","Stuttgart","70597","Kleine Falterstraße","residential","yes","30","km/h","1",11.6657
"409",409,150.763,48.7531,9.1938,0,190720,2020-07-19,122733,12:27:33,"Deutschland","Baden-Württemberg","Stuttgart","Degerloch","Stuttgart","70597","Georgiiweg",NA,"0","30","km/h","1",10.5397
"410",410,214.583,48.7574,9.19428,0,190720,2020-07-19,123030,12:30:30,"Deutschland","Baden-Württemberg","Stuttgart","Bopser","Stuttgart","70184","Jahnstraße","secondary","yes","60","km/h","1",20.5441
"411",411,208.181,48.7912,9.20384,0,190720,2020-07-19,125421,12:54:21,"Deutschland","Baden-Württemberg","Stuttgart","Stöckach","Stuttgart","70190","Werderstraße","tertiary","0","40","km/h","1",18.9329
"412",412,199.151,48.792,9.20363,0,190720,2020-07-19,125433,12:54:33,"Deutschland","Baden-Württemberg","Stuttgart","Stöckach","Stuttgart","70190","Werderstraße","tertiary","0","40","km/h","2",26.289
"413",413,171.036,48.7994,9.17319,0,190720,2020-07-19,133139,13:31:39,"Deutschland","Baden-Württemberg","Stuttgart","Killesberg","Stuttgart","70192","Am Kochenhof","secondary","yes","40","km/h","4",16.3975
"414",414,207.907,48.7827,9.14847,0,190720,2020-07-19,134806,13:48:06,"Deutschland","Baden-Württemberg","Stuttgart","Kräherwald","Stuttgart","70193","Zeppelinstraße","tertiary","0","40","km/h","1",20.2867
"415",415,172.88,48.7749,9.13899,0,190720,2020-07-19,135208,13:52:08,"Deutschland","Baden-Württemberg","Stuttgart","Kräherwald","Stuttgart","70193","Botnanger Straße","secondary","0","40","km/h","2",11.6064
"416",416,180.563,48.7749,9.13899,0,190720,2020-07-19,135208,13:52:08,"Deutschland","Baden-Württemberg","Stuttgart","Kräherwald","Stuttgart","70193","Botnanger Straße","secondary","0","40","km/h","2",11.6064
"417",417,189.517,48.7749,9.13899,0,190720,2020-07-19,135208,13:52:08,"Deutschland","Baden-Württemberg","Stuttgart","Kräherwald","Stuttgart","70193","Botnanger Straße","secondary","0","40","km/h","2",11.6064
"418",418,181.084,48.7742,9.13873,0,190720,2020-07-19,135248,13:52:48,"Deutschland","Baden-Württemberg","Stuttgart","Kräherwald","Stuttgart","70193","Botnanger Straße","secondary","0","40","km/h","2",12.6546
"419",419,165.56,48.7648,9.12325,0,190720,2020-07-19,140211,14:02:11,"Deutschland","Baden-Württemberg","Stuttgart","Kräherwald","Stuttgart","70197","Wezelweg","track","0","40","km/h","1",17.2365
"420",420,138.369,48.7181,9.10914,0,190720,2020-07-19,142631,14:26:31,"Deutschland","Baden-Württemberg","Stuttgart","Rohr","Stuttgart","70565","Osterbronnstraße","tertiary","0","50","km/h","2",23.2647
"421",421,244.33,48.7184,9.11147,0,190720,2020-07-19,142658,14:26:58,"Deutschland","Baden-Württemberg","Stuttgart","Rohr","Stuttgart","70565","Osterbronnstraße","tertiary","0","50","km/h","2",12.6491
"422",422,191.792,48.7189,9.11324,0,190720,2020-07-19,142717,14:27:17,"Deutschland","Baden-Württemberg","Stuttgart","Dürrlewang","Stuttgart","70565","Osterbronnstraße","tertiary","0","50","km/h","2",20.8682
"423",423,153.574,48.7204,9.12831,0,190720,2020-07-19,143035,14:30:35,"Deutschland","Baden-Württemberg","Stuttgart","Möhringen","Stuttgart","70565","Schulze-Delitzsch-Straße","tertiary","0","50","km/h","1",18.0791
"424",424,195.102,48.7039,9.13893,0,190720,2020-07-19,143737,14:37:37,"Deutschland","Baden-Württemberg","Landkreis Esslingen","Unteraichen","Unteraichen","70771","Schulstraße","residential","0","30","km/h","1",22.9369
"425",425,156.468,48.7033,9.1422,0,190720,2020-07-19,143825,14:38:25,"Deutschland","Baden-Württemberg","Landkreis Esslingen","Unteraichen","Unteraichen","70771","Stuttgarter Straße","secondary","0","50","km/h","1",12.9121
"426",426,160.75,48.6895,9.15013,0,190720,2020-07-19,144609,14:46:09,"Deutschland","Baden-Württemberg","Landkreis Esslingen","Leinfelden","Leinfelden","70771","Randweg","track","0","50","km/h","1",17.868
"427",427,112.166,48.7572,9.14705,0,30720,2020-07-03,164146,16:41:46,"Deutschland","Baden-Württemberg","Stuttgart","Südheim","Stuttgart","70199","Böblinger Straße","tertiary","0","40","km/h","2",18.5477
"428",428,118.604,48.7198,9.10662,0,30720,2020-07-03,170252,17:02:52,"Deutschland","Baden-Württemberg","Stuttgart","Rohr","Stuttgart","70565","Robert-Koch-Straße","secondary","0","50","km/h","2",24.5092
"429",429,141.185,48.7181,9.11878,0,30720,2020-07-03,170545,17:05:45,"Deutschland","Baden-Württemberg","Stuttgart","Dürrlewang","Stuttgart","70565","Herschelstraße","residential","0","30","km/h","1",23.3332
"430",430,206.583,48.7773,9.16485,0,90720,2020-07-09,174310,17:43:10,"Deutschland","Baden-Württemberg","Stuttgart","Rosenberg","Stuttgart","70176","Schloßstraße","tertiary","yes","40","km/h","2",5.72079
"431",431,243.814,48.772,9.16303,0,90720,2020-07-09,174603,17:46:03,"Deutschland","Baden-Württemberg","Stuttgart","Stuttgart-West","Stuttgart","70178","Rotebühlstraße","secondary","0","40","km/h","3",10.7749
"432",432,200.71,48.7682,9.15991,0,90720,2020-07-09,174839,17:48:39,"Deutschland","Baden-Württemberg","Stuttgart","Rotebühl","Stuttgart","70178","Reinsburgstraße","tertiary","0","40","km/h","3",11.9472
"433",433,175.952,48.7566,9.14362,0,90720,2020-07-09,175352,17:53:52,"Deutschland","Baden-Württemberg","Stuttgart","Südheim","Stuttgart","70199","Böblinger Straße","tertiary","0","40","km/h","2",24.3407
"434",434,158.288,48.7519,9.13722,0,90720,2020-07-09,175621,17:56:21,"Deutschland","Baden-Württemberg","Stuttgart","Südheim","Stuttgart","70199","Böblinger Straße","secondary","yes","40","km/h","2",25.063
"435",435,223.195,48.7519,9.13722,0,90720,2020-07-09,175621,17:56:21,"Deutschland","Baden-Württemberg","Stuttgart","Südheim","Stuttgart","70199","Böblinger Straße","secondary","yes","40","km/h","2",25.063
"436",436,201.488,48.7506,9.13685,0,90720,2020-07-09,175641,17:56:41,"Deutschland","Baden-Württemberg","Stuttgart","Südheim","Stuttgart","70199","Böblinger Straße","secondary","yes","50","km/h","2",24.6703
"437",437,163.385,48.7502,9.1367,0,90720,2020-07-09,175649,17:56:49,"Deutschland","Baden-Württemberg","Stuttgart","Südheim","Stuttgart","70199","Böblinger Straße","secondary","yes","50","km/h","2",23.5592
"438",438,180.814,48.7448,9.13426,0,90720,2020-07-09,175833,17:58:33,"Deutschland","Baden-Württemberg","Stuttgart","Kaltental","Stuttgart","70569","Böblinger Straße","secondary","yes","50","km/h","1",23.5054
"439",439,115.598,48.7447,9.13412,0,90720,2020-07-09,175837,17:58:37,"Deutschland","Baden-Württemberg","Stuttgart","Kaltental","Stuttgart","70569","Böblinger Straße","secondary","yes","50","km/h","1",17.7346
"440",440,153.576,48.7443,9.13392,0,90720,2020-07-09,175844,17:58:44,"Deutschland","Baden-Württemberg","Stuttgart","Kaltental","Stuttgart","70569","Böblinger Straße","secondary","yes","50","km/h","1",22.1294
"441",441,135.168,48.7441,9.13383,0,90720,2020-07-09,175847,17:58:47,"Deutschland","Baden-Württemberg","Stuttgart","Kaltental","Stuttgart","70569","Böblinger Straße","secondary","yes","50","km/h","1",17.3883
"442",442,134.985,48.7437,9.13355,0,90720,2020-07-09,175855,17:58:55,"Deutschland","Baden-Württemberg","Stuttgart","Kaltental","Stuttgart","70569","Böblinger Straße","secondary","yes","50","km/h","1",21.4016
"443",443,87.9605,48.7435,9.13339,0,90720,2020-07-09,175859,17:58:59,"Deutschland","Baden-Württemberg","Stuttgart","Kaltental","Stuttgart","70569","Böblinger Straße","secondary","yes","50","km/h","1",22.3331
"444",444,141.79,48.7375,9.12802,0,90720,2020-07-09,180256,18:02:56,"Deutschland","Baden-Württemberg","Stuttgart","Kaltental","Stuttgart","70569","Böblinger Straße","secondary","yes","50","km/h","2",0.727832
"445",445,133.481,48.7375,9.12803,0,90720,2020-07-09,180302,18:03:02,"Deutschland","Baden-Württemberg","Stuttgart","Kaltental","Stuttgart","70569","Böblinger Straße","secondary","yes","50","km/h","2",0.783391
"446",446,144.66,48.7375,9.12808,0,90720,2020-07-09,180323,18:03:23,"Deutschland","Baden-Württemberg","Stuttgart","Kaltental","Stuttgart","70569","Böblinger Straße","secondary","yes","50","km/h","2",3.56508
"447",447,168.762,48.7076,9.14287,0,90720,2020-07-09,182136,18:21:36,"Deutschland","Baden-Württemberg","Landkreis Esslingen","Unteraichen","Unteraichen","70771","Fasanenweg",NA,"0","30","km/h","1",19.6533
"448",448,132.655,48.707,9.14312,0,90720,2020-07-09,182150,18:21:50,"Deutschland","Baden-Württemberg","Landkreis Esslingen","Unteraichen","Unteraichen","70771","Fasanenweg",NA,"0","30","km/h","1",20.9145
"449",449,172.736,48.7051,9.14346,0,90720,2020-07-09,182227,18:22:27,"Deutschland","Baden-Württemberg","Landkreis Esslingen","Unteraichen","Unteraichen","70771","Max-Lang-Straße","residential","0","30","km/h","1",21.2905
"450",450,147.855,48.6905,9.15374,0,90720,2020-07-09,182721,18:27:21,"Deutschland","Baden-Württemberg","Landkreis Esslingen","Echterdingen","Echterdingen","70771","Leinfelder Straße","secondary","0","50","km/h","1",22.2646
"451",451,153.65,48.6905,9.15374,0,90720,2020-07-09,182721,18:27:21,"Deutschland","Baden-Württemberg","Landkreis Esslingen","Echterdingen","Echterdingen","70771","Leinfelder Straße","secondary","0","50","km/h","1",22.2646
"452",452,218.136,48.7579,9.14937,0,130720,2020-07-13,172427,17:24:27,"Deutschland","Baden-Württemberg","Stuttgart","Südheim","Stuttgart","70199","Neugereutstraße","residential","yes","30","km/h","1",17.6217
"453",453,151.173,48.7506,9.13689,0,130720,2020-07-13,172844,17:28:44,"Deutschland","Baden-Württemberg","Stuttgart","Südheim","Stuttgart","70199","Böblinger Straße","secondary","yes","50","km/h","2",24.0629
"454",454,205.568,48.7479,9.13592,0,130720,2020-07-13,172934,17:29:34,"Deutschland","Baden-Württemberg","Stuttgart","Südheim","Stuttgart","70199","Böblinger Straße","residential","0","30","km/h","1",8.80436
"455",455,211.751,48.7074,9.14298,0,130720,2020-07-13,174751,17:47:51,"Deutschland","Baden-Württemberg","Landkreis Esslingen","Unteraichen","Unteraichen","70771","Fasanenweg",NA,"0","30","km/h","1",14.3788
"456",456,222.212,48.6891,9.15711,0,130720,2020-07-13,175611,17:56:11,"Deutschland","Baden-Württemberg","Landkreis Esslingen","Echterdingen","Echterdingen","70771","Marquardtweg","residential","0","30","km/h","1",27.215
"457",457,123.739,48.6888,9.15795,0,130720,2020-07-13,175620,17:56:20,"Deutschland","Baden-Württemberg","Landkreis Esslingen","Echterdingen","Echterdingen","70771","Marquardtweg",NA,"0","30","km/h","1",28.0224
"458",458,183.354,48.775,9.17148,0,290620,2020-06-29,171624,17:16:24,"Deutschland","Baden-Württemberg","Stuttgart","Stuttgart-Mitte","Stuttgart","70173","Rotebühlstraße","primary","yes","40","km/h","3",0.809319
"459",459,190.527,48.7573,9.14906,0,290620,2020-06-29,172537,17:25:37,"Deutschland","Baden-Württemberg","Stuttgart","Heslach","Stuttgart","70199","Burgstallstraße","residential","0","30","km/h","1",21.8424
"460",460,180.26,48.7349,9.12252,0,290620,2020-06-29,173648,17:36:48,"Deutschland","Baden-Württemberg","Stuttgart","Kaltental","Stuttgart","70563","Böblinger Straße","secondary","yes","50","km/h","1",17.0402
"461",461,150.806,48.7333,9.12759,0,290620,2020-06-29,173941,17:39:41,"Deutschland","Baden-Württemberg","Stuttgart","Höhenrand","Stuttgart","70563","Nord-Süd-Straße","secondary","no","50","km/h","2",21.2942
"462",462,109.775,48.6907,9.15352,0,290620,2020-06-29,175719,17:57:19,"Deutschland","Baden-Württemberg","Landkreis Esslingen","Echterdingen","Echterdingen","70771","Max-Lang-Straße","secondary","yes","50","km/h","1",3.50396
"463",463,136.653,48.6904,9.15368,0,290620,2020-06-29,175725,17:57:25,"Deutschland","Baden-Württemberg","Landkreis Esslingen","Echterdingen","Echterdingen","70771","Leinfelder Straße","secondary","0","50","km/h","1",13.4288
"464",464,138.681,48.738,9.16384,0,300620,2020-06-30,72130,07:21:30,"Deutschland","Baden-Württemberg","Stuttgart","Degerloch","Stuttgart","70597","Sigmaringer Straße","secondary","yes","50","km/h","2",18.5754
"465",465,155.715,48.7413,9.1662,0,300620,2020-06-30,72253,07:22:53,"Deutschland","Baden-Württemberg","Stuttgart","Degerloch","Stuttgart","70597","Sigmaringer Straße","tertiary","0","50","km/h","3",1.6742
"466",466,197.071,48.7458,9.16933,0,300620,2020-06-30,72452,07:24:52,"Deutschland","Baden-Württemberg","Stuttgart","Degerloch","Stuttgart","70597","Epplestraße","tertiary","0","50","km/h","1",12.3731
"467",467,200.963,48.7611,9.17994,0,300620,2020-06-30,72833,07:28:33,"Deutschland","Baden-Württemberg","Stuttgart","Weinsteige","Stuttgart","70180","Neue Weinsteige","primary","yes","40","km/h","2",40.4271
"468",468,189.805,48.7682,9.17934,0,300620,2020-06-30,192910,19:29:10,"Deutschland","Baden-Württemberg","Stuttgart","Stuttgart-Mitte","Stuttgart","70180","Olgastraße","tertiary","0","40","km/h","2",21.033
"469",469,163.683,48.7653,9.18356,0,300620,2020-06-30,193227,19:32:27,"Deutschland","Baden-Württemberg","Stuttgart","Bopser","Stuttgart","70184","Bopserwaldstraße","residential","0","30","km/h","1",17.4309
"470",470,190.753,48.7615,9.18224,0,300620,2020-06-30,193701,19:37:01,"Deutschland","Baden-Württemberg","Stuttgart","Bopser","Stuttgart","70184","Wernhaldenstraße","residential","0","30","km/h","1",15.1141
"471",471,179.352,48.7079,9.17007,0,300620,2020-06-30,195611,19:56:11,"Deutschland","Baden-Württemberg","Stuttgart","Fasanenhof","Stuttgart","70567","Schelmenwasenstraße","tertiary","yes","50","km/h","1",19.3348
"472",472,120.157,48.6914,9.16602,0,300620,2020-06-30,200256,20:02:56,"Deutschland","Baden-Württemberg","Landkreis Esslingen","Echterdingen","Echterdingen","70771","Leinfelder Straße","secondary","0","50","km/h","1",12.0953